الرقم	المجموعة	الطبقة	المؤلف	الوفاة أو السنة	العنوان	الطبعة (من سجلّ فهرسة)	مصدر بيانات الطبعة	الوظيفة في المشروع	المجلدات	حالة الاستعمال	حالة بيانات الطبعة
مص-٠٠١	علوم القرآن والقراءات والتجويد	أ	مجمع الملك فهد		مصحف المدينة النبوية (رواية حفص)	تُحدَّد	—	النص القرآني المعتمد برسمه وعلامات وقفه	الافتتاحية، م١ التأسيس، م٢ التواصل، م٣ المنصّات، م٤ التمكين	مستعمَل في الافتتاحية	تُحدَّد
مص-٠٠٢	علوم القرآن والقراءات والتجويد	أ	الزركشي	٧٩٤	البرهان في علوم القرآن	تحقيق محمد أبو الفضل إبراهيم [ت ١٤٠١ هـ]، دار إحياء الكتب العربية عيسى البابى الحلبي وشركائه، الأولى، ١٣٧٦ هـ - ١٩٥٧ م، ٤ أجزاء	بطاقة المكتبة الشاملة 11436	علوم القرآن وأساليبه البيانية	الافتتاحية، م٢ التواصل	مرشّح	تُطابق على صفحة العنوان
مص-٠٠٣	علوم القرآن والقراءات والتجويد	أ	السيوطي	٩١١	الإتقان في علوم القرآن	تحقيق محمد أبو الفضل إبراهيم [ت ١٤٠١ هـ]، الهيئة المصرية العامة للكتاب، ١٣٩٤ هـ/ ١٩٧٤ م، ٤ أجزاء	بطاقة المكتبة الشاملة 11728	علوم القرآن، ومعرفة الوقف والابتداء	الافتتاحية، م١ التأسيس	مرشّح	تُطابق على صفحة العنوان
مص-٠٠٤	علوم القرآن والقراءات والتجويد	أ	ابن الجزري	٨٣٣	النشر في القراءات العشر	تحقيق علي محمد الضباع (المتوفى ١٣٨٠ هـ)، المطبعة التجارية الكبرى [تصوير دار الكتاب العلمية]، ٢ أجزاء	بطاقة المكتبة الشاملة 22642	أصول الأداء ومخارج الحروف وصفاتها	م١ التأسيس	مرشّح	تُطابق على صفحة العنوان
مص-٠٠٥	علوم القرآن والقراءات والتجويد	أ	ابن الجزري	٨٣٣	التمهيد في علم التجويد	مكتبة المعارف، الرياض، الأولى، ١٤٠٥ هـ - ١٩٨٥ م	بطاقة المكتبة الشاملة 8194	حدّ التجويد وطريق تحصيله بالرياضة والتلقّي	م١ التأسيس	مرشّح	تُطابق على صفحة العنوان
مص-٠٠٦	علوم القرآن والقراءات والتجويد	أ	مكي بن أبي طالب	٤٣٧	الرعاية لتجويد القراءة وتحقيق لفظ التلاوة	تُحدَّد	—	مخارج الحروف وصفاتها وأحكامها	م١ التأسيس	مرشّح	تُحدَّد
مص-٠٠٧	علوم القرآن والقراءات والتجويد	أ	أبو عمرو الداني	٤٤٤	التحديد في الإتقان والتجويد	تحقيق الدكتور غانم قدوري حمد، مكتبة دار الأنبار - بغداد / ساعدت جامعة بغداد على طبعه، الأولى ١٤٠٧ هـ - ١٩٨٨ م	بطاقة المكتبة الشاملة 26458	حدود الإتقان والتجويد والتحذير من التكلّف	م١ التأسيس	مرشّح	تُطابق على صفحة العنوان
مص-٠٠٨	علوم القرآن والقراءات والتجويد	أ	أبو عمرو الداني	٤٤٤	التيسير في القراءات السبع	دار الأندلس للنشر والتوزيع، حائل - المملكة العربية السعودية، الأولى، ١٤٣٦ هـ - ٢٠١٥ م	بطاقة المكتبة الشاملة 147812	أصول القراءات السبع	م١ التأسيس	للبحث	تُطابق على صفحة العنوان
مص-٠٠٩	علوم القرآن والقراءات والتجويد	أ	ابن مجاهد	٣٢٤	السبعة في القراءات	تحقيق شوقي ضيف، دار المعارف - مصر، الثانية، ١٤٠٠هـ	بطاقة المكتبة الشاملة 5530	القراءات والتلقّي عن الأئمة	م١ التأسيس	للبحث	تُطابق على صفحة العنوان
مص-٠١٠	علوم القرآن والقراءات والتجويد	أ	أبو علي الفارسي	٣٧٧	الحجة للقراء السبعة	تحقيق بدر الدين قهوجي - بشير جويجابي، دار المأمون للتراث - دمشق / بيروت، الثانية، ١٤١٣ هـ - ١٩٩٣م، ٧ أجزاء	بطاقة المكتبة الشاملة 35101	توجيه القراءات لغةً ونحوًا	م١ التأسيس	للبحث	تُطابق على صفحة العنوان
مص-٠١١	علوم القرآن والقراءات والتجويد	أ	ابن جني	٣٩٢	المحتسب في تبيين وجوه شواذ القراءات	تحقيق محمد عبد القادر عطا، دار الکتب العلمية - بيروت، الأولى، ١٤١٩ هـ - ١٩٩٨ م، ٢ أجزاء	بطاقة المكتبة الشاملة 704	توجيه الشواذ، ومرونة العربية	م١ التأسيس	للبحث	تُطابق على صفحة العنوان
مص-٠١٢	علوم القرآن والقراءات والتجويد	أ	الفراء	٢٠٧	معاني القرآن	تحقيق أحمد يوسف النجاتي - محمد علي النجار [ت ١٣٨٥ هـ]- عبد الفتاح إسماعيل الشلبي، دار المصرية للتأليف والترجمة - مصر، الأولى	بطاقة المكتبة الشاملة 23634	لغة القرآن ونحوه عند الكوفيين	م١ التأسيس، م٢ التواصل	للبحث	تُطابق على صفحة العنوان
مص-٠١٣	علوم القرآن والقراءات والتجويد	أ	الزجاج	٣١١	معاني القرآن وإعرابه	تحقيق عبد الجليل عبده شلبي، عالم الكتب - بيروت، الأولى ١٤٠٨ هـ - ١٩٨٨ م، ٥ أجزاء	بطاقة المكتبة الشاملة 922	إعراب القرآن ومعانيه	م١ التأسيس، م٢ التواصل	للبحث	تُطابق على صفحة العنوان
مص-٠١٤	علوم القرآن والقراءات والتجويد	أ	أبو عبيدة معمر بن المثنى	٢٠٩	مجاز القرآن	تحقيق محمد فواد سزگين، مكتبة الخانجى - القاهرة، ١٣٨١ هـ	بطاقة المكتبة الشاملة 23630	أساليب العرب في القرآن	م٢ التواصل	للبحث	تُطابق على صفحة العنوان
مص-٠١٥	علوم القرآن والقراءات والتجويد	أ	ابن قتيبة	٢٧٦	تأويل مشكل القرآن	تحقيق إبراهيم شمس الدين، دار الكتب العلمية، بيروت - لبنان	بطاقة المكتبة الشاملة 23596	المجاز والحذف والتكرار في لسان العرب	م٢ التواصل	مرشّح	تُطابق على صفحة العنوان
مص-٠١٦	علوم القرآن والقراءات والتجويد	أ	الباقلاني	٤٠٣	إعجاز القرآن	تحقيق السيد أحمد صقر، دار المعارف - مصر، الخامسة، ١٩٩٧م	بطاقة المكتبة الشاملة 953	الإعجاز البياني ونظم الكلام	الافتتاحية	للبحث	تُطابق على صفحة العنوان
مص-٠١٧	علوم القرآن والقراءات والتجويد	أ	الرماني والخطابي وعبد القاهر		ثلاث رسائل في إعجاز القرآن	تُحدَّد	—	نظرية النظم والإعجاز في أطوارها	الافتتاحية	للبحث	تُحدَّد
مص-٠١٨	علوم القرآن والقراءات والتجويد	أ	النووي	٦٧٦	التبيان في آداب حملة القرآن	دار ابن حزم للطباعة والنشر والتوزيع - بيروت - لبنان - ص ب: ٦٣٦٦ / ١٤ - تلفون: ٨٣١٣٣١، الثالثة مزيدة ومنقحة، ١٤١٤ هـ - ١٩٩٤ م	بطاقة المكتبة الشاملة 1969	آداب القارئ والمقرئ والتلقّي	م١ التأسيس	مرشّح	تُطابق على صفحة العنوان
مص-٠١٩	علوم القرآن والقراءات والتجويد	أ	علم الدين السخاوي	٦٤٣	جمال القراء وكمال الإقراء	مؤسسة الكتب الثقافية - بيروت، الأولى، ١٤١٩ هـ - ١٩٩٩ م، ٢ (متسلسلة الترقيم) أجزاء	بطاقة المكتبة الشاملة 37653	آداب الإقراء وأحكام التلاوة	م١ التأسيس	للبحث	تُطابق على صفحة العنوان
مص-٠٢٠	علوم القرآن والقراءات والتجويد	أ	أبو عبيد القاسم بن سلام	٢٢٤	فضائل القرآن	دار ابن كثير (دمشق - بيروت)، الأولى، ١٤١٥ هـ -١٩٩٥ م	بطاقة المكتبة الشاملة 12524	فضل تعلّم القرآن وتعليمه	الافتتاحية	للبحث	تُطابق على صفحة العنوان
مص-٠٢١	علوم القرآن والقراءات والتجويد	ب	محمد عبد العظيم الزرقاني	١٣٦٧	مناهل العرفان في علوم القرآن	مطبعة عيسى البابي الحلبي وشركاه، الطبعة الثالثة، ٢ أجزاء	بطاقة المكتبة الشاملة 7249	مدخلٌ جامع لعلوم القرآن	الافتتاحية	للبحث	تُطابق على صفحة العنوان
مص-٠٢٢	علوم القرآن والقراءات والتجويد	أ	محمد عبد الله دراز	١٣٧٧	النبأ العظيم	عالم الآدب للترجمة والنشر - مصر، السادسة، ١٤٤٤ هـ - ٢٠٢٢ م	بطاقة المكتبة الشاملة 1470	بلاغة القرآن ووحدة بنائه	الافتتاحية	مرشّح	تُطابق على صفحة العنوان
مص-٠٢٣	علوم القرآن والقراءات والتجويد	ب	عائشة عبد الرحمن (بنت الشاطئ)	١٤١٩	الإعجاز البياني للقرآن ومسائل ابن الأزرق	دار المعارف، الثالثة	بطاقة المكتبة الشاملة 12759	الدلالة البيانية للفظ القرآني	الافتتاحية	للبحث	تُطابق على صفحة العنوان
مص-٠٢٤	علوم القرآن والقراءات والتجويد	أ	محمد عبد الخالق عضيمة	١٤٠٤	دراسات لأسلوب القرآن الكريم	دار الحديث، القاهرة، بدون، ١١ أجزاء	بطاقة المكتبة الشاملة 17037	استقراء الأساليب النحوية في القرآن	م٢ التواصل	للبحث	تُطابق على صفحة العنوان
مص-٠٢٥	علوم القرآن والقراءات والتجويد	أ	عبد الوهاب القرطبي	٤٦١	الموضح في التجويد	تُحدَّد	—	صفات الحروف ومخارجها	م١ التأسيس	للبحث	تُحدَّد
مص-٠٢٦	علوم القرآن والقراءات والتجويد	ب	عبد الفتاح المرصفي	١٤٠٩	هداية القاري إلى تجويد كلام الباري	مكتبة طيبة، المدينة المنورة، الثانية، ٢ (متسلسلة الترقيم) أجزاء	بطاقة المكتبة الشاملة 22869	مرجعٌ تعليمي في التجويد	م١ التأسيس	مرشّح	تُطابق على صفحة العنوان
مص-٠٢٧	علوم القرآن والقراءات والتجويد	أ	الراغب الأصفهاني		المفردات في غريب القرآن	تحقيق صفوان عدنان الداودي، دار القلم، الدار الشامية - دمشق بيروت، الأولى - ١٤١٢ هـ	بطاقة المكتبة الشاملة 23636	دلالات الألفاظ القرآنية	م١ التأسيس، م٢ التواصل	مرشّح	تُطابق على صفحة العنوان
مص-٠٢٨	علوم القرآن والقراءات والتجويد	أ	عبد اللطيف الخطيب		معجم القراءات	تُحدَّد	—	القراءات مجموعةً على الآيات	م١ التأسيس	للبحث	تُحدَّد
مص-٠٢٩	علوم القرآن والقراءات والتجويد	أ	غانم قدوري الحمد		الدراسات الصوتية عند علماء التجويد	تُحدَّد	—	علم الأصوات في التراث التجويدي	م١ التأسيس	مرشّح	تُحدَّد
مص-٠٣٠	علوم القرآن والقراءات والتجويد	ب	عطية قابل نصر		غاية المريد في علم التجويد	القاهرة، الطبعة السابعة مزيدة ومنقحة	بطاقة المكتبة الشاملة 7311	مرجعٌ تعليمي في التجويد	م١ التأسيس	للبحث	تُطابق على صفحة العنوان
مص-٠٣١	الحديث وعلومه وشروحه	أ	البخاري	٢٥٦	صحيح البخاري (طوق النجاة، ترقيم عبد الباقي)	السلطانية، بالمطبعة الكبرى الأميرية، ببولاق مصر، ١٣١١ هـ، بأمر السلطان عبد الحميد الثاني، ٩ أجزاء	بطاقة المكتبة الشاملة 1681	الأصل في تخريج أحاديث البخاري	الافتتاحية، م١ التأسيس، م٢ التواصل، م٣ المنصّات، م٤ التمكين	مستعمَل في الافتتاحية	معتمدة (الباب ٧٢)
مص-٠٣٢	الحديث وعلومه وشروحه	أ	البخاري	٢٥٦	صحيح البخاري (دار التأصيل)	دار التأصيل - القاهرة، الأولى، ١٤٣٣ هـ - ٢٠١٢ م، ١٠ (٩ والفهارس) أجزاء	بطاقة المكتبة الشاملة 1284	المقابلة، وفروق الروايات	الافتتاحية، م١ التأسيس، م٢ التواصل، م٣ المنصّات، م٤ التمكين	مستعمَل في الافتتاحية	معتمدة (الباب ٧٢)
مص-٠٣٣	الحديث وعلومه وشروحه	أ	مسلم	٢٦١	صحيح مسلم (ترقيم عبد الباقي)	تحقيق محمد فؤاد عبد الباقي [ت ١٣٨٨ هـ]، مطبعة عيسى البابي الحلبي وشركاه، القاهرة، ٥ (متسلسلة الترقيم) (الأخير فهارس) أجزاء	بطاقة المكتبة الشاملة 1727	الأصل في تخريج أحاديث مسلم	الافتتاحية، م١ التأسيس، م٢ التواصل، م٣ المنصّات، م٤ التمكين	مستعمَل في الافتتاحية	معتمدة (الباب ٧٢)
مص-٠٣٤	الحديث وعلومه وشروحه	أ	مسلم	٢٦١	صحيح مسلم (الطبعة التركية)	تحقيق محمد ذهني أفندي - إسماعيل بن عبد الحميد الحافظ الطرابلسي- أحمد رفعت بن عثمان حلمي القره حصاري - محمد عزت بن عثمان الزعفرانبوليوي- أبو نعمة الله محمد شكري بن حسن الأنقروي، دار الطباعة العامرة - تركيا، ٨ أجزاء	بطاقة المكتبة الشاملة 711	المقابلة	الافتتاحية، م١ التأسيس، م٢ التواصل، م٣ المنصّات، م٤ التمكين	مستعمَل في الافتتاحية	معتمدة (الباب ٧٢)
مص-٠٣٥	الحديث وعلومه وشروحه	أ	أبو داود	٢٧٥	سنن أبي داود (ت. محيي الدين عبد الحميد)	تحقيق محمد محيي الدين عبد الحميد [ت ١٣٩٢ هـ]، المكتبة العصرية، صيدا - بيروت، ٤ أجزاء	بطاقة المكتبة الشاملة 1726	الأصل في الترقيم	الافتتاحية، م١ التأسيس، م٢ التواصل، م٣ المنصّات، م٤ التمكين	مستعمَل في الافتتاحية	معتمدة (الباب ٧٢)
مص-٠٣٦	الحديث وعلومه وشروحه	أ	أبو داود	٢٧٥	سنن أبي داود (ت. الأرنؤوط وقره بللي)	تحقيق شعيب الأرنؤوط [ت ١٤٣٨ هـ]- محمد كامل قره بللي، دار الرسالة العالمية، الأولى، ١٤٣٠ هـ - ٢٠٠٩ م، ٧ أجزاء	بطاقة المكتبة الشاملة 117359	المقابلة والحكم	الافتتاحية، م١ التأسيس، م٢ التواصل، م٣ المنصّات، م٤ التمكين	مستعمَل في الافتتاحية	معتمدة (الباب ٧٢)
مص-٠٣٧	الحديث وعلومه وشروحه	أ	الترمذي	٢٧٩	الجامع (سنن الترمذي)	تُحدَّد	—	التخريج والحكم عند الترمذي	م١ التأسيس، م٢ التواصل، م٣ المنصّات، م٤ التمكين	مرشّح	تُحدَّد
مص-٠٣٨	الحديث وعلومه وشروحه	أ	النسائي	٣٠٣	المجتبى (السنن الصغرى)	تُحدَّد	—	التخريج	م١ التأسيس، م٢ التواصل، م٣ المنصّات، م٤ التمكين	مرشّح	تُحدَّد
مص-٠٣٩	الحديث وعلومه وشروحه	أ	ابن ماجه	٢٧٣	سنن ابن ماجه	تحقيق شعيب الأرنؤوط [ت ١٤٣٨ هـ]- عادل مرشد - محمَّد كامل قره بللي - عَبد اللّطيف حرز الله، دار الرسالة العالمية، الأولى، ١٤٣٠ هـ - ٢٠٠٩ م، ٥ أجزاء	بطاقة المكتبة الشاملة 98138	التخريج	م١ التأسيس، م٢ التواصل، م٣ المنصّات، م٤ التمكين	مرشّح	تُطابق على صفحة العنوان
مص-٠٤٠	الحديث وعلومه وشروحه	أ	مالك بن أنس	١٧٩	الموطأ	تُحدَّد	—	التخريج، وأبواب ما يُكره من الكلام	الافتتاحية، م٢ التواصل	مرشّح	تُحدَّد
مص-٠٤١	الحديث وعلومه وشروحه	أ	أحمد بن حنبل	٢٤١	المسند	تُحدَّد	—	التخريج والطرق	م١ التأسيس، م٢ التواصل، م٣ المنصّات، م٤ التمكين	مرشّح	تُحدَّد
مص-٠٤٢	الحديث وعلومه وشروحه	أ	الدارمي	٢٥٥	السنن (مسند الدارمي)	تُحدَّد	—	التخريج، وآثار العلم والكلام	الافتتاحية	للبحث	تُحدَّد
مص-٠٤٣	الحديث وعلومه وشروحه	أ	البخاري	٢٥٦	الأدب المفرد	تحقيق محمد فؤاد عبد الباقي [ت ١٣٨٨ هـ]، المطبعة السلفية ومكتبتها - القاهرة، الثانية ١٣٧٩ هـ	بطاقة المكتبة الشاملة 12991	أحاديث الأدب وحفظ اللسان	م٢ التواصل	مرشّح	تُطابق على صفحة العنوان
مص-٠٤٤	الحديث وعلومه وشروحه	أ	البيهقي	٤٥٨	شعب الإيمان	تحقيق أبو هاجر محمد السعيد بن بسيوني زغلول، دار الكتب العلمية، بيروت- لبنان، الأولى، ١٤٢١ هـ - ٢٠٠٠ م، ٩ (الأخير فهارس) أجزاء	بطاقة المكتبة الشاملة 748	حفظ اللسان وآداب الكلام	م٢ التواصل	للبحث	تُطابق على صفحة العنوان
مص-٠٤٥	الحديث وعلومه وشروحه	أ	ابن أبي شيبة	٢٣٥	المصنف	تحقيق سعد بن ناصر بن عبد العزيز أبو حبيب الشثري، دار كنوز إشبيليا للنشر والتوزيع، الرياض - السعودية، الأولى، ١٤٣٦ هـ - ٢٠١٥ م، ٢٥ (آخر ٤ فهارس) أجزاء	بطاقة المكتبة الشاملة 333	الآثار المسندة عن الصحابة والتابعين	الافتتاحية، م٢ التواصل	مرشّح	تُطابق على صفحة العنوان
مص-٠٤٦	الحديث وعلومه وشروحه	أ	الدينوري	٣٣٣	المجالسة وجواهر العلم	تحقيق أبو عبيدة مشهور بن حسن آل سلمان، جمعية التربية الإسلامية (البحرين - أم الحصم)، دار ابن حزم (بيروت - لبنان)، الأولى، ١٤١٩ هـ - ١٩٩٨ م، ١٠ (آخر ٢ فهارس) أجزاء	بطاقة المكتبة الشاملة 9948	أخبار البيان والمجالسة المسندة	الافتتاحية	مستعمَل في الافتتاحية	معتمدة (الباب ٧٢)
مص-٠٤٧	الحديث وعلومه وشروحه	أ	ابن حجر	٨٥٢	فتح الباري بشرح صحيح البخاري	تُحدَّد	—	شرح أحاديث البخاري وضبط رواياته	الافتتاحية، م١ التأسيس، م٢ التواصل، م٣ المنصّات، م٤ التمكين	مرشّح	تُحدَّد
مص-٠٤٨	الحديث وعلومه وشروحه	أ	النووي	٦٧٦	المنهاج شرح صحيح مسلم بن الحجاج	تُحدَّد	—	شرح أحاديث مسلم	الافتتاحية، م١ التأسيس، م٢ التواصل، م٣ المنصّات، م٤ التمكين	مرشّح	تُحدَّد
مص-٠٤٩	الحديث وعلومه وشروحه	أ	العيني	٨٥٥	عمدة القاري شرح صحيح البخاري	٢٥ (في ١٢ مجلدا) أجزاء	بطاقة المكتبة الشاملة 5756	شرح البخاري، واللغة والإعراب	الافتتاحية	للبحث	تُطابق على صفحة العنوان
مص-٠٥٠	الحديث وعلومه وشروحه	أ	القسطلاني	٩٢٣	إرشاد الساري لشرح صحيح البخاري	دار عطاءات العلم - دار ابن حزم، الأولى، ١٤٤٢ هـ - ٢٠٢١ م	بطاقة المكتبة الشاملة 21701	ضبط روايات البخاري	الافتتاحية	مرشّح	تُطابق على صفحة العنوان
مص-٠٥١	الحديث وعلومه وشروحه	أ	ابن عبد البر	٤٦٣	التمهيد لما في الموطأ من المعاني والأسانيد	مؤسسة الفرقان للتراث الإسلامي - لندن، الأولى، ١٤٣٩ هـ - ٢٠١٧ م، ١٧ (الأخير فهارس) أجزاء	بطاقة المكتبة الشاملة 236	الخلاف في معنى «إن من البيان لسحرًا»	الافتتاحية	مستعمَل في الافتتاحية	معتمدة (الباب ٧٢)
مص-٠٥٢	الحديث وعلومه وشروحه	أ	ابن عبد البر	٤٦٣	الاستذكار	دار الكتب العلمية - بيروت، الأولى، ١٤٢١ - ٢٠٠٠، ٩ أجزاء	بطاقة المكتبة الشاملة 1722	فقه أحاديث الموطأ	م٢ التواصل	للبحث	تُطابق على صفحة العنوان
مص-٠٥٣	الحديث وعلومه وشروحه	أ	ابن الصلاح	٦٤٣	معرفة أنواع علم الحديث (مقدمة ابن الصلاح)	تحقيق عبد اللطيف الهميم - ماهر ياسين الفحل، دار الكتب العلمية، بيروت - لبنان، الأولى، ١٤٢٣ هـ - ٢٠٠٢ م	بطاقة المكتبة الشاملة 23799	أصول الحكم على الحديث	الافتتاحية	مرشّح	تُطابق على صفحة العنوان
مص-٠٥٤	الحديث وعلومه وشروحه	أ	السيوطي	٩١١	تدريب الراوي في شرح تقريب النواوي	دار طيبة، ٢ أجزاء	بطاقة المكتبة الشاملة 9329	مصطلح الحديث	الافتتاحية	للبحث	تُطابق على صفحة العنوان
مص-٠٥٥	الحديث وعلومه وشروحه	أ	ابن حجر	٨٥٢	نزهة النظر في توضيح نخبة الفكر	تحقيق د عبد المحسن بن محمد القاسم، الأولى، ١٤٤٢ هـ -٢٠٢١ م	بطاقة المكتبة الشاملة 316	مصطلح الحديث	الافتتاحية	للبحث	تُطابق على صفحة العنوان
مص-٠٥٦	الحديث وعلومه وشروحه	أ	الألباني	١٤٢٠	سلسلة الأحاديث الصحيحة	مكتبة المعارف للنشر والتوزيع، الرياض، الأولى لمكتبة المعارف، ٧ أجزاء	بطاقة المكتبة الشاملة 9442	الحكم على الأحاديث خارج الصحيحين	الافتتاحية، م١ التأسيس، م٢ التواصل، م٣ المنصّات، م٤ التمكين	مستعمَل في الافتتاحية	معتمدة (الباب ٧٢)
مص-٠٥٧	الحديث وعلومه وشروحه	أ	الألباني	١٤٢٠	صحيح سنن أبي داود	مؤسسة غراس للنشر والتوزيع، الكويت، الأولى، ١٤٢٣ هـ - ٢٠٠٢ م، ٨ أجزاء	بطاقة المكتبة الشاملة 25881	الحكم على أحاديث أبي داود	الافتتاحية، م١ التأسيس، م٢ التواصل، م٣ المنصّات، م٤ التمكين	مرشّح	تُطابق على صفحة العنوان
مص-٠٥٨	الحديث وعلومه وشروحه	أ	ابن رجب	٧٩٥	جامع العلوم والحكم	تحقيق شعيب الأرناؤوط [ت ١٤٣٨ هـ]- إبراهيم باجس، مؤسسة الرسالة - بيروت، السابعة، ١٤١٧ هـ - ١٩٩٧ م، ٢ (في مجلد واحد) أجزاء	بطاقة المكتبة الشاملة 4268	شرح أحاديث جوامع الكلم والأدب	م٢ التواصل	مرشّح	تُطابق على صفحة العنوان
مص-٠٥٩	الحديث وعلومه وشروحه	أ	النووي	٦٧٦	رياض الصالحين	دار ابن كثير للطباعة والنشر والتوزيع، دمشق - بيروت، الأولى، ١٤٢٨ هـ - ٢٠٠٧ م، ١ أجزاء	بطاقة المكتبة الشاملة 2348	أبواب حفظ اللسان وآداب الكلام	م٢ التواصل	مرشّح	تُطابق على صفحة العنوان
مص-٠٦٠	الحديث وعلومه وشروحه	أ	النووي	٦٧٦	الأذكار	تحقيق محيي الدين مستو [ت ١٤٤٢ هـ]، دار ابن كثير، دمشق - بيروت، الثانية،١٤١٠ هـ - ١٩٩٠ م	بطاقة المكتبة الشاملة 13566	آداب الكلام والسلام والخطاب	م٢ التواصل	مرشّح	تُطابق على صفحة العنوان
مص-٠٦١	الحديث وعلومه وشروحه	أ	السخاوي	٩٠٢	المقاصد الحسنة في بيان كثير من الأحاديث المشتهرة على الألسنة	مكتبة الخانجي - مصر	بطاقة المكتبة الشاملة 1263	حال الأقوال المشتهرة	الافتتاحية، م١ التأسيس، م٢ التواصل، م٣ المنصّات، م٤ التمكين	مرشّح	تُطابق على صفحة العنوان
مص-٠٦٢	الحديث وعلومه وشروحه	ب	العجلوني	١١٦٢	كشف الخفاء ومزيل الإلباس	تُحدَّد	—	حال الأقوال المشتهرة	الافتتاحية، م١ التأسيس، م٢ التواصل، م٣ المنصّات، م٤ التمكين	مرشّح	تُحدَّد
مص-٠٦٣	الحديث وعلومه وشروحه	أ	العراقي	٨٠٦	المغني عن حمل الأسفار (تخريج أحاديث الإحياء)	دار ابن حزم، بيروت - لبنان، الأولى، ١٤٢٦ هـ - ٢٠٠٥ م	بطاقة المكتبة الشاملة 21550	تخريج أحاديث آفات اللسان	م٢ التواصل	للبحث	تُطابق على صفحة العنوان
مص-٠٦٤	الحديث وعلومه وشروحه	أ	مجد الدين ابن الأثير	٦٠٦	جامع الأصول في أحاديث الرسول	تُحدَّد	—	جمع ألفاظ الحديث في مواضعها	الافتتاحية	للبحث	تُحدَّد
مص-٠٦٥	الحديث وعلومه وشروحه	أ	مجد الدين ابن الأثير	٦٠٦	النهاية في غريب الحديث والأثر	المكتبة العلمية - بيروت، ١٣٩٩هـ - ١٩٧٩م، ٥ أجزاء	بطاقة المكتبة الشاملة 23691	غريب ألفاظ الحديث	الافتتاحية، م١ التأسيس، م٢ التواصل	مرشّح	تُطابق على صفحة العنوان
مص-٠٦٦	الحديث وعلومه وشروحه	أ	القاضي عياض	٥٤٤	مشارق الأنوار على صحاح الآثار	دار الكمال المتحدة، الأولى، ١٤٣٧ هـ - ٢٠١٦ م، ٣ أجزاء	بطاقة المكتبة الشاملة 10005	ضبط ألفاظ الصحيحين والموطأ	الافتتاحية	للبحث	تُطابق على صفحة العنوان
مص-٠٦٧	اللغة الأولى: المعاجم وفقه اللغة	أ	الخليل بن أحمد		كتاب العين	تُحدَّد	—	أول معجمٍ عربي، وترتيبه الصوتي	م١ التأسيس	مرشّح	تُحدَّد
مص-٠٦٨	اللغة الأولى: المعاجم وفقه اللغة	أ	الأزهري	٣٧٠	تهذيب اللغة	تحقيق محمد عوض مرعب، دار إحياء التراث العربي - بيروت، الأولى، ٢٠٠١م، ٨. أجزاء	بطاقة المكتبة الشاملة 7031	اللغة المسموعة من العرب	م١ التأسيس، م٢ التواصل	مرشّح	تُطابق على صفحة العنوان
مص-٠٦٩	اللغة الأولى: المعاجم وفقه اللغة	أ	الجوهري		الصحاح تاج اللغة وصحاح العربية	دار العلم للملايين - بيروت، الرابعة ١٤٠٧ هـ‍ - ١٩٨٧ م، ٦ أجزاء	بطاقة المكتبة الشاملة 23235	الفصيح المشهور	م١ التأسيس، م٢ التواصل	مرشّح	تُطابق على صفحة العنوان
مص-٠٧٠	اللغة الأولى: المعاجم وفقه اللغة	أ	ابن فارس	٣٩٥	مقاييس اللغة	تُحدَّد	—	أصول المعاني في المواد	م١ التأسيس، م٢ التواصل	مرشّح	تُحدَّد
مص-٠٧١	اللغة الأولى: المعاجم وفقه اللغة	أ	ابن فارس	٣٩٥	الصاحبي في فقه اللغة العربية ومسائلها وسنن العرب في كلامها	محمد علي بيضون، الطبعة الأولى ١٤١٨هـ-١٩٩٧م	بطاقة المكتبة الشاملة 9977	سنن العرب في كلامها	الافتتاحية، م٢ التواصل	مرشّح	تُطابق على صفحة العنوان
مص-٠٧٢	اللغة الأولى: المعاجم وفقه اللغة	أ	ابن سيده	٤٥٨	المخصص	تحقيق خليل إبراهم جفال، دار إحياء التراث العربي - بيروت، الأولى، ١٤١٧هـ ١٩٩٦م، ٥ أجزاء	بطاقة المكتبة الشاملة 3590	معجم المعاني والموضوعات	م١ التأسيس، م٢ التواصل	مرشّح	تُطابق على صفحة العنوان
مص-٠٧٣	اللغة الأولى: المعاجم وفقه اللغة	أ	ابن سيده	٤٥٨	المحكم والمحيط الأعظم	تحقيق عبد الحميد هنداوي، دار الكتب العلمية - بيروت، الأولى، ١٤٢١ هـ - ٢٠٠٠ م، ١١ (١٠ مجلد للفهارس) أجزاء	بطاقة المكتبة الشاملة 9757	الضبط اللغوي	م١ التأسيس	للبحث	تُطابق على صفحة العنوان
مص-٠٧٤	اللغة الأولى: المعاجم وفقه اللغة	أ	ابن منظور	٧١١	لسان العرب	دار صادر - بيروت، الثالثة - ١٤١٤ هـ، ١٥ أجزاء	بطاقة المكتبة الشاملة 1687	المرجع اللغوي الجامع	الافتتاحية، م١ التأسيس، م٢ التواصل، م٣ المنصّات، م٤ التمكين	مرشّح	تُطابق على صفحة العنوان
مص-٠٧٥	اللغة الأولى: المعاجم وفقه اللغة	أ	الفيروزآبادي	٨١٧	القاموس المحيط	مؤسسة الرسالة للطباعة والنشر والتوزيع، بيروت - لبنان، الثامنة، ١٤٢٦ هـ - ٢٠٠٥ م	بطاقة المكتبة الشاملة 7283	الضبط الموجز	م١ التأسيس، م٢ التواصل، م٣ المنصّات، م٤ التمكين	مرشّح	تُطابق على صفحة العنوان
مص-٠٧٦	اللغة الأولى: المعاجم وفقه اللغة	أ	مرتضى الزبيدي	١٢٠٥	تاج العروس من جواهر القاموس	٤٠ أجزاء	بطاقة المكتبة الشاملة 7030	الاستدراك والشواهد	م١ التأسيس، م٢ التواصل، م٣ المنصّات، م٤ التمكين	مرشّح	تُطابق على صفحة العنوان
مص-٠٧٧	اللغة الأولى: المعاجم وفقه اللغة	أ	الزمخشري	٥٣٨	أساس البلاغة	دار الكتب العلمية، بيروت - لبنان، الأولى، ١٤١٩ هـ - ١٩٩٨ م، ٢ أجزاء	بطاقة المكتبة الشاملة 21568	الحقيقة والمجاز في الاستعمال	م٢ التواصل	مرشّح	تُطابق على صفحة العنوان
مص-٠٧٨	اللغة الأولى: المعاجم وفقه اللغة	أ	ابن دريد	٣٢١	جمهرة اللغة	تحقيق رمزي منير بعلبكي، دار العلم للملايين - بيروت، الأولى، ١٩٨٧م، ٣ أجزاء	بطاقة المكتبة الشاملة 7032	اللغة القديمة	م١ التأسيس	للبحث	تُطابق على صفحة العنوان
مص-٠٧٩	اللغة الأولى: المعاجم وفقه اللغة	أ	الثعالبي	٤٢٩	فقه اللغة وسر العربية	تحقيق عبد الرزاق المهدي، إحياء التراث العربي، الطبعة الأولى ١٤٢٢هـ - ٢٠٠٢م	بطاقة المكتبة الشاملة 11235	الفروق الدقيقة في الألفاظ	م٢ التواصل	مرشّح	تُطابق على صفحة العنوان
مص-٠٨٠	اللغة الأولى: المعاجم وفقه اللغة	أ	السيوطي	٩١١	المزهر في علوم اللغة وأنواعها	تحقيق فؤاد علي منصور، دار الكتب العلمية - بيروت، الأولى، ١٤١٨هـ ١٩٩٨م، ٢ أجزاء	بطاقة المكتبة الشاملة 6936	علوم اللغة وأخبار الفصاحة	الافتتاحية	مرشّح	تُطابق على صفحة العنوان
مص-٠٨١	اللغة الأولى: المعاجم وفقه اللغة	أ	ابن السكيت	٢٤٤	إصلاح المنطق	تحقيق محمد مرعب، دار إحياء التراث العربي، الأولى ١٤٢٣ هـ , ٢٠٠٢ م	بطاقة المكتبة الشاملة 7508	تقويم اللسان، وما يُلحن فيه	م١ التأسيس، م٢ التواصل	مرشّح	تُطابق على صفحة العنوان
مص-٠٨٢	اللغة الأولى: المعاجم وفقه اللغة	أ	ابن قتيبة	٢٧٦	أدب الكاتب	تحقيق محمد الدالي [ت ١٤٤٣ هـ]، مؤسسة الرسالة	بطاقة المكتبة الشاملة 26349	تقويم اليد واللسان	الافتتاحية، م١ التأسيس، م٢ التواصل	مستعمَل في الافتتاحية	معتمدة (الباب ٧٢)
مص-٠٨٣	اللغة الأولى: المعاجم وفقه اللغة	أ	الحريري	٥١٦	درة الغواص في أوهام الخواص	تحقيق عرفات مطرجي، مؤسسة الكتب الثقافية - بيروت، الأولى، ١٤١٨/١٩٩٨هـ	بطاقة المكتبة الشاملة 6920	أخطاء الخاصة وتصحيحها	م٤ التمكين	مرشّح	تُطابق على صفحة العنوان
مص-٠٨٤	اللغة الأولى: المعاجم وفقه اللغة	أ	ابن مكي الصقلي	٥٠١	تثقيف اللسان وتلقيح الجنان	دار الكتب العلمية، الأولى، ١٤١٠ هـ - ١٩٩٠ م	بطاقة المكتبة الشاملة 16421	لحن العامة وتقويمه	م٤ التمكين	مرشّح	تُطابق على صفحة العنوان
مص-٠٨٥	اللغة الأولى: المعاجم وفقه اللغة	أ	أبو بكر الزبيدي	٣٧٩	لحن العوام	تُحدَّد	—	لحن العامة في الأندلس	م٤ التمكين	للبحث	تُحدَّد
مص-٠٨٦	اللغة الأولى: المعاجم وفقه اللغة	أ	أبو هلال العسكري	٣٩٥	الفروق اللغوية	دار العلم والثقافة للنشر والتوزيع، القاهرة - مصر	بطاقة المكتبة الشاملة 10414	دقّة اختيار اللفظ	م٢ التواصل	مرشّح	تُطابق على صفحة العنوان
مص-٠٨٧	اللغة الأولى: المعاجم وفقه اللغة	أ	ابن السكيت	٢٤٤	كتاب الألفاظ	تُحدَّد	—	المعجم الموضوعي للتعبير	م٢ التواصل	للبحث	تُحدَّد
مص-٠٨٨	اللغة الأولى: المعاجم وفقه اللغة	أ	أبو عبيد القاسم بن سلام	٢٢٤	الغريب المصنف	(بيت الحكمة، دار سحنون) (تونس)، ٣ (متسلسلة الترقيم) أجزاء	بطاقة المكتبة الشاملة 1750	الألفاظ مجموعةً على المعاني	م٢ التواصل	للبحث	تُطابق على صفحة العنوان
مص-٠٨٩	اللغة الأولى: المعاجم وفقه اللغة	أ	الكفوي	١٠٩٤	الكليات	تحقيق عدنان درويش - محمد المصري، مؤسسة الرسالة - بيروت	بطاقة المكتبة الشاملة 7037	المصطلحات والفروق	الافتتاحية	للبحث	تُطابق على صفحة العنوان
مص-٠٩٠	اللغة الأولى: المعاجم وفقه اللغة	أ	الشريف الجرجاني	٨١٦	التعريفات	تحقيق ضبطه وصححه جماعة من العلماء بإشراف الناشر، دار الكتب العلمية بيروت -لبنان، الأولى ١٤٠٣هـ -١٩٨٣م	بطاقة المكتبة الشاملة 7312	حدود المصطلحات	الافتتاحية	للبحث	تُطابق على صفحة العنوان
مص-٠٩١	اللغة الأولى: المعاجم وفقه اللغة	ب	مجمع اللغة العربية بالقاهرة		المعجم الوسيط	مجمع اللغة العربية بالقاهرة، الثانية [كُتبَتْ مقدمتُها ١٣٩٢ هـ = ١٩٧٢ م]	بطاقة المكتبة الشاملة 7028	الاستعمال الحديث المقرّ	م١ التأسيس، م٢ التواصل، م٣ المنصّات، م٤ التمكين	مرشّح	تُطابق على صفحة العنوان
مص-٠٩٢	اللغة الأولى: المعاجم وفقه اللغة	ب	أحمد مختار عمر	١٤٢٤	معجم اللغة العربية المعاصرة	عالم الكتب، الأولى، ١٤٢٩ هـ - ٢٠٠٨ م، ٤ (متسلسلة الترقيم) (الأخير فهارس) أجزاء	بطاقة المكتبة الشاملة 29511	الاستعمال المعاصر	م١ التأسيس، م٢ التواصل، م٣ المنصّات، م٤ التمكين	مرشّح	تُطابق على صفحة العنوان
مص-٠٩٣	اللغة الأولى: المعاجم وفقه اللغة	ب	أحمد مختار عمر	١٤٢٤	معجم الصواب اللغوي	عالم الكتب، القاهرة، الأولى، ١٤٢٩ هـ - ٢٠٠٨ م، ٢ أجزاء	بطاقة المكتبة الشاملة 7517	الصواب والخطأ في الاستعمال المعاصر	م٤ التمكين	مرشّح	تُطابق على صفحة العنوان
مص-٠٩٤	اللغة الأولى: المعاجم وفقه اللغة	ب	محمد العدناني	١٤٠٢	معجم الأغلاط اللغوية المعاصرة	تُحدَّد	—	الأخطاء الشائعة	م٤ التمكين	مرشّح	تُحدَّد
مص-٠٩٥	اللغة الأولى: المعاجم وفقه اللغة	ب	محمد العدناني	١٤٠٢	معجم الأخطاء الشائعة	تُحدَّد	—	الأخطاء الشائعة	م٤ التمكين	مرشّح	تُحدَّد
مص-٠٩٦	اللغة الأولى: المعاجم وفقه اللغة	ب	مصطفى جواد	١٣٨٨	قل ولا تقل	تُحدَّد	—	تصحيح الشائع	م٤ التمكين	مرشّح	تُحدَّد
مص-٠٩٧	اللغة الأولى: المعاجم وفقه اللغة	ب	علي عبد الواحد وافي	١٤١١	فقه اللغة	تُحدَّد	—	فقه اللغة الحديث	الافتتاحية	للبحث	تُحدَّد
مص-٠٩٨	اللغة الأولى: المعاجم وفقه اللغة	ب	صبحي الصالح	١٤٠٧	دراسات في فقه اللغة	دار العلم للملايين، الطبعة الأولى ١٣٧٩هـ - ١٩٦٠م	بطاقة المكتبة الشاملة 9998	فقه اللغة الحديث	الافتتاحية	للبحث	تُطابق على صفحة العنوان
مص-٠٩٩	اللغة الأولى: المعاجم وفقه اللغة	أ	يوهان فك (ترجمة عبد الحليم النجار)		العربية: دراسات في اللغة واللهجات والأساليب	تُحدَّد	—	تاريخ العربية ولهجاتها	الافتتاحية	مرشّح	تُحدَّد
مص-١٠٠	اللغة الأولى: المعاجم وفقه اللغة	أ	إبراهيم أنيس	١٣٩٧	في اللهجات العربية	تُحدَّد	—	اللهجات القديمة والحديثة	الافتتاحية، م٢ التواصل	مرشّح	تُحدَّد
مص-١٠١	اللغة الأولى: المعاجم وفقه اللغة	أ	أحمد علم الدين الجندي		اللهجات العربية في التراث	تُحدَّد	—	اللهجات في كتب التراث	الافتتاحية	للبحث	تُحدَّد
مص-١٠٢	اللغة الأولى: المعاجم وفقه اللغة	أ	أحمد تيمور باشا	١٣٤٨	معجم تيمور الكبير في الألفاظ العامية	تحقيق دكتور حسين نصّار، دار الكتب والوثائق القومية بالقاهرة - مصر، الثانية، ١٤٢٢ هـ - ٢٠٠٢ م، ٦ (الأخير فهارس) أجزاء	بطاقة المكتبة الشاملة 150964	أصول الألفاظ العامية	الافتتاحية	للبحث	تُطابق على صفحة العنوان
مص-١٠٣	اللغة الأولى: المعاجم وفقه اللغة	ب	رمضان عبد التواب	١٤٢٢	لحن العامة والتطور اللغوي	تُحدَّد	—	صلة العامية بالفصحى	الافتتاحية	مرشّح	تُحدَّد
مص-١٠٤	اللغة الأولى: المعاجم وفقه اللغة	ب	رمضان عبد التواب	١٤٢٢	فصول في فقه العربية	تُحدَّد	—	فقه العربية	الافتتاحية	للبحث	تُحدَّد
مص-١٠٥	النحو والصرف	أ	سيبويه	١٨٠	الكتاب	تحقيق عبد السلام محمد هارون، مكتبة الخانجي، القاهرة، الثالثة، ١٤٠٨ هـ - ١٩٨٨ م، ٤ أجزاء	بطاقة المكتبة الشاملة 23018	أصول الصحة، والمستقيم الحسن والقبيح	الافتتاحية، م١ التأسيس	مستعمَل في الافتتاحية	معتمدة (الباب ٧٢)
مص-١٠٦	النحو والصرف	أ	المبرد	٢٨٥	المقتضب	تحقيق محمد عبد الخالق عظيمة.، عالم الكتب. - بيروت، ٤ أجزاء	بطاقة المكتبة الشاملة 6965	النحو البصري	م١ التأسيس	للبحث	تُطابق على صفحة العنوان
مص-١٠٧	النحو والصرف	أ	ابن السراج	٣١٦	الأصول في النحو	تحقيق عبد الحسين الفتلي، مؤسسة الرسالة، لبنان - بيروت، ٣ أجزاء	بطاقة المكتبة الشاملة 7365	تقسيم أبواب النحو	م١ التأسيس	للبحث	تُطابق على صفحة العنوان
مص-١٠٨	النحو والصرف	أ	ابن جني	٣٩٢	الخصائص	تحقيق محمد علي النجار [ت ١٣٨٥ هـ]، الهيئة المصرية العامة للكتاب، الرابعة، ٣ أجزاء	بطاقة المكتبة الشاملة 9986	حدّ اللغة، والسماع والقياس	الافتتاحية، م١ التأسيس	مستعمَل في الافتتاحية	معتمدة (الباب ٧٢)
مص-١٠٩	النحو والصرف	أ	ابن جني	٣٩٢	سر صناعة الإعراب	دار الكتب العلمية بيروت-لبنان، الأولي ١٤٢١هـ- ٢٠٠٠م، ٢ أجزاء	بطاقة المكتبة الشاملة 12017	الأصوات والحروف	م١ التأسيس	مرشّح	تُطابق على صفحة العنوان
مص-١١٠	النحو والصرف	أ	ابن جني	٣٩٢	اللمع في العربية	تحقيق فائز فارس، دار الكتب الثقافية - الكويت	بطاقة المكتبة الشاملة 6987	مختصرٌ تعليمي قديم	م١ التأسيس	للبحث	تُطابق على صفحة العنوان
مص-١١١	النحو والصرف	أ	أبو علي الفارسي	٣٧٧	الإيضاح العضدي	تحقيق د. حسن شاذلي فرهود (كلية الآداب - جامعة الرياض)، الأولى، ١٣٨٩ هـ - ١٩٦٩ م.	بطاقة المكتبة الشاملة 20961	النحو التعليمي	م١ التأسيس	للبحث	تُطابق على صفحة العنوان
مص-١١٢	النحو والصرف	أ	الزجاجي	٣٣٧	الجمل في النحو	تُحدَّد	—	النحو التعليمي	م١ التأسيس	للبحث	تُحدَّد
مص-١١٣	النحو والصرف	أ	الزجاجي	٣٣٧	الإيضاح في علل النحو	تحقيق الدكتور مازن المبارك [ت ١٤٤٨ هـ]، دار النفائس - بيروت، الخامسة، ١٤٠٦ هـ -١٩٨٦ م.	بطاقة المكتبة الشاملة 143170	العلة النحوية ووظيفتها	الافتتاحية	للبحث	تُطابق على صفحة العنوان
مص-١١٤	النحو والصرف	أ	الزمخشري	٥٣٨	المفصل في صنعة الإعراب	تحقيق د. علي بو ملحم، مكتبة الهلال - بيروت، الأولى، ١٩٩٣	بطاقة المكتبة الشاملة 759	النحو المرتّب	م١ التأسيس	للبحث	تُطابق على صفحة العنوان
مص-١١٥	النحو والصرف	أ	ابن يعيش	٦٤٣	شرح المفصل	دار الكتب العلمية، بيروت - لبنان، الأولى، ١٤٢٢ هـ - ٢٠٠١ م، ٦ (٥ وجزء للفهارس) أجزاء	بطاقة المكتبة الشاملة 13301	شرح الشواهد والعلل	م١ التأسيس	للبحث	تُطابق على صفحة العنوان
مص-١١٦	النحو والصرف	أ	ابن مالك	٦٧٢	الخلاصة (الألفية)	تُحدَّد	—	المتن المشهور في النحو	الافتتاحية، م١ التأسيس	مرشّح	تُحدَّد
مص-١١٧	النحو والصرف	أ	ابن مالك	٦٧٢	شرح التسهيل	تحقيق د. عبد الرحمن السيد - د. محمد بدوي المختون، هجر للطباعة والنشر والتوزيع والإعلان، الأولى (١٤١٠ هـ - ١٩٩٠ م)، ٤ أجزاء	بطاقة المكتبة الشاملة 13257	الاستعمال والسماع عند ابن مالك	م١ التأسيس	للبحث	تُطابق على صفحة العنوان
مص-١١٨	النحو والصرف	أ	ابن مالك	٦٧٢	شرح الكافية الشافية	جامعة أم القرى مركز البحث العلمي وإحياء التراث الإسلامي كلية الشريعة والدراسات الإسلامية مكة المكرمة، الأولى، ١٤٠٢ هـ - ١٩٨٢ م، ٥ (متسلسلة الترقيم) (الأخير فهارس) أجزاء	بطاقة المكتبة الشاملة 12024	النحو والصرف	م١ التأسيس	للبحث	تُطابق على صفحة العنوان
مص-١١٩	النحو والصرف	ب	ابن هشام	٧٦١	أوضح المسالك إلى ألفية ابن مالك	دار الفكر للطباعة والنشر والتوزيع - بيروت، ١٤٢٠ هـ - ٢٠٠٠ م، ٤ أجزاء	بطاقة المكتبة الشاملة 11825	الشرح التعليمي للألفية	م١ التأسيس	مرشّح	تُطابق على صفحة العنوان
مص-١٢٠	النحو والصرف	أ	ابن هشام	٧٦١	مغني اللبيب عن كتب الأعاريب	تحقيق د. مازن المبارك [ت ١٤٤٨ هـ]- محمد علي حمد الله [ت ١٤٣٣ هـ]، دار الفكر - دمشق، السادسة، ١٩٨٥	بطاقة المكتبة الشاملة 6972	معاني الحروف والجمل	م١ التأسيس، م٢ التواصل	مرشّح	تُطابق على صفحة العنوان
مص-١٢١	النحو والصرف	ب	ابن هشام	٧٦١	شرح قطر الندى وبل الصدى	تحقيق محمد محيى الدين عبد الحميد [ت ١٣٩٢ هـ]، المكتبة التجارية الكبرى بمصر، الحادية عشرة للمحقق ١٣٨٣ هـ- ١٩٦٣ م تمتاز بدقة الضبط والزيادة في الشروح والتحقيقات	بطاقة المكتبة الشاملة 6970	النحو التعليمي	م١ التأسيس	للبحث	تُطابق على صفحة العنوان
مص-١٢٢	النحو والصرف	ب	ابن هشام	٧٦١	شرح شذور الذهب	تحقيق عبد الغني الدقر، الشركة المتحدة للتوزيع - سوريا	بطاقة المكتبة الشاملة 6969	معنى الكلام عند النحاة	الافتتاحية، م١ التأسيس	مستعمَل في الافتتاحية	معتمدة (الباب ٧٢)
مص-١٢٣	النحو والصرف	ب	ابن عقيل	٧٦٩	شرح ابن عقيل على ألفية ابن مالك	تحقيق محمد محيي الدين عبد الحميد [ت ١٣٩٢ هـ]، دار التراث - القاهرة، دار مصر للطباعة، سعيد جودة السحار وشركاه، العشرون ١٤٠٠ هـ - ١٩٨٠ م، ٤ أجزاء	بطاقة المكتبة الشاملة 9904	حدّ الكلام	الافتتاحية، م١ التأسيس	مستعمَل في الافتتاحية	معتمدة (الباب ٧٢)
مص-١٢٤	النحو والصرف	أ	الشاطبي	٧٩٠	المقاصد الشافية في شرح الخلاصة الكافية	تحقيق مجموعة محققين وهم:، معهد البحوث العلمية وإحياء التراث الإسلامي بجامعة أم القرى - مكة المكرمة، الأولى، ١٤٢٨ هـ - ٢٠٠٧ م.، ١٠ (الأخير فهارس) أجزاء	بطاقة المكتبة الشاملة 20562	أصول الاختصار في الألفاظ	الافتتاحية، م١ التأسيس	مستعمَل في الافتتاحية	معتمدة (الباب ٧٢)
مص-١٢٥	النحو والصرف	أ	السيوطي	٩١١	همع الهوامع في شرح جمع الجوامع	تحقيق عبد الحميد هنداوي، المكتبة التوفيقية - مصر، ٣ أجزاء	بطاقة المكتبة الشاملة 6975	الخلاف النحوي	م١ التأسيس	للبحث	تُطابق على صفحة العنوان
مص-١٢٦	النحو والصرف	أ	السيوطي	٩١١	الأشباه والنظائر في النحو	تُحدَّد	—	القواعد الكلية	م١ التأسيس	للبحث	تُحدَّد
مص-١٢٧	النحو والصرف	أ	أبو البركات الأنباري	٥٧٧	الإنصاف في مسائل الخلاف	المكتبة العصرية، الأولى ١٤٢٤ هـ - ٢٠٠٣ م، ٢ أجزاء	بطاقة المكتبة الشاملة 7362	الخلاف بين البصريين والكوفيين	م١ التأسيس	للبحث	تُطابق على صفحة العنوان
مص-١٢٨	النحو والصرف	أ	أبو البركات الأنباري	٥٧٧	أسرار العربية	دار الأرقم بن أبي الأرقم، الأولى ١٤٢٠هـ- ١٩٩٩م	بطاقة المكتبة الشاملة 7502	العلة النحوية	م١ التأسيس	للبحث	تُطابق على صفحة العنوان
مص-١٢٩	النحو والصرف	أ	الرضي الأستراباذي		شرح الرضي على الكافية	تُحدَّد	—	التحليل النحوي الدقيق	م١ التأسيس	للبحث	تُحدَّد
مص-١٣٠	النحو والصرف	أ	الرضي الأستراباذي		شرح شافية ابن الحاجب	تُحدَّد	بطاقة المكتبة الشاملة 21567	الصرف	م١ التأسيس	للبحث	تُحدَّد
مص-١٣١	النحو والصرف	أ	ابن جني	٣٩٢	المنصف (شرح تصريف المازني)	دار إحياء التراث القديم، الأولى في ذي الحجة سنة ١٣٧٣هـ - أغسطس سنة ١٩٥٤م	بطاقة المكتبة الشاملة 10545	الصرف	م١ التأسيس	للبحث	تُطابق على صفحة العنوان
مص-١٣٢	النحو والصرف	أ	ابن عصفور	٦٦٩	الممتع في التصريف	تُحدَّد	—	الصرف	م١ التأسيس	للبحث	تُحدَّد
مص-١٣٣	النحو والصرف	أ	عبد القادر البغدادي	١٠٩٣	خزانة الأدب ولب لباب لسان العرب	مكتبة الخانجي، القاهرة، الرابعة، ١٤١٨ هـ - ١٩٩٧ م، ١٣ (١١ جزء ومجلدان فهارس) أجزاء	بطاقة المكتبة الشاملة 12732	شواهد النحو وأخبارها	م١ التأسيس	للبحث	تُطابق على صفحة العنوان
مص-١٣٤	النحو والصرف	أ	ابن السيرافي	٣٨٥	شرح أبيات سيبويه	تحقيق الدكتور محمد علي الريح هاشم، مكتبة الكليات الأزهرية، دار الفكر للطباعة والنشر والتوزيع، القاهرة - مصر، ٢ أجزاء	بطاقة المكتبة الشاملة 37487	شواهد سيبويه	م١ التأسيس	للبحث	تُطابق على صفحة العنوان
مص-١٣٥	النحو والصرف	ب	أحمد الحملاوي	١٣٥١	شذا العرف في فن الصرف	تحقيق نصر الله عبد الرحمن نصر الله، مكتبة الرشد الرياض	بطاقة المكتبة الشاملة 11243	الصرف التعليمي	م١ التأسيس	مرشّح	تُطابق على صفحة العنوان
مص-١٣٦	النحو والصرف	ب	عباس حسن	١٣٩٨	النحو الوافي	دار المعارف، الطبعة الخامسة عشرة، ٤ أجزاء	بطاقة المكتبة الشاملة 10641	النحو مع الاستعمال المعاصر	م١ التأسيس	مرشّح	تُطابق على صفحة العنوان
مص-١٣٧	النحو والصرف	ب	مصطفى الغلاييني	١٣٦٤	جامع الدروس العربية	المكتبة العصرية، صيدا - بيروت، الثامنة والعشرون، ١٤١٤ هـ - ١٩٩٣ م	بطاقة المكتبة الشاملة 3284	النحو التعليمي	م١ التأسيس	مرشّح	تُطابق على صفحة العنوان
مص-١٣٨	النحو والصرف	ب	فاضل صالح السامرائي		معاني النحو	دار الفكر للطباعة والنشر والتوزيع - الأردن، الأولى، ١٤٢٠ هـ - ٢٠٠٠ م، ٤ أجزاء	بطاقة المكتبة الشاملة 17801	المعنى في الاختيار النحوي	م١ التأسيس، م٢ التواصل	مرشّح	تُطابق على صفحة العنوان
مص-١٣٩	النحو والصرف	ب	إبراهيم مصطفى		إحياء النحو	تُحدَّد	—	نقد طريقة تعليم النحو	الافتتاحية	للبحث	تُحدَّد
مص-١٤٠	النحو والصرف	أ	تمام حسان	١٤٣٢	اللغة العربية معناها ومبناها	عالم الكتب، الخامسة ١٤٢٧هـ-٢٠٠٦م	بطاقة المكتبة الشاملة 9970	النظام اللغوي وقرائن المعنى	الافتتاحية، م١ التأسيس، م٢ التواصل	مرشّح	تُطابق على صفحة العنوان
مص-١٤١	النحو والصرف	ب	مهدي المخزومي	١٤١٣	في النحو العربي: نقد وتوجيه	تُحدَّد	—	نقد تعليم النحو	الافتتاحية	للبحث	تُحدَّد
مص-١٤٢	النحو والصرف	ب	إبراهيم أنيس	١٣٩٧	من أسرار اللغة	تُحدَّد	—	الظواهر اللغوية الحية	الافتتاحية	للبحث	تُحدَّد
مص-١٤٣	البلاغة	أ	الجاحظ	٢٥٥	البيان والتبيين	تُحدَّد	—	البيان والإفهام، وصحيفة بشر، والعيّ والحصر	الافتتاحية، م٢ التواصل، م٣ المنصّات	مستعمَل في الافتتاحية	تُحدَّد
مص-١٤٤	البلاغة	أ	عبد القاهر الجرجاني	٤٧١	دلائل الإعجاز	تحقيق محمود محمد شاكر أبو فهر، مطبعة المدني بالقاهرة - دار المدني بجدة، الثالثة ١٤١٣ هـ - ١٩٩٢ م	بطاقة المكتبة الشاملة 12055	النظم	الافتتاحية، م٢ التواصل	مستعمَل في الافتتاحية	معتمدة (الباب ٧٢)
مص-١٤٥	البلاغة	أ	عبد القاهر الجرجاني	٤٧١	أسرار البلاغة	مطبعة المدني بالقاهرة، دار المدني بجدة	بطاقة المكتبة الشاملة 8187	التشبيه والاستعارة والتخييل	م٢ التواصل	مرشّح	تُطابق على صفحة العنوان
مص-١٤٦	البلاغة	أ	أبو هلال العسكري	٣٩٥	كتاب الصناعتين: الكتابة والشعر	تحقيق علي محمد البجاوي [ت ١٣٩٩ هـ]- محمد أبو الفضل إبراهيم [ت ١٤٠١ هـ]، المكتبة العصرية، بيروت - لبنان	بطاقة المكتبة الشاملة 23787	البيان صناعة	الافتتاحية، م٣ المنصّات	مستعمَل في الافتتاحية	معتمدة (الباب ٧٢)
مص-١٤٧	البلاغة	أ	ابن سنان الخفاجي	٤٦٦	سر الفصاحة	دار الكتب العلمية، الطبعة الأولى ١٤٠٢هـ_١٩٨٢م	بطاقة المكتبة الشاملة 11239	شروط الفصاحة في اللفظ والتأليف	م١ التأسيس، م٢ التواصل	مرشّح	تُطابق على صفحة العنوان
مص-١٤٨	البلاغة	أ	ضياء الدين ابن الأثير	٦٣٧	المثل السائر في أدب الكاتب والشاعر	دار نهضة مصر للطباعة والنشر والتوزيع، الفجالة ـ القاهرة، ٤ أجزاء	بطاقة المكتبة الشاملة 10551	آلات صناعة الكلام	الافتتاحية، م٣ المنصّات	مستعمَل في الافتتاحية	معتمدة (الباب ٧٢)
مص-١٤٩	البلاغة	أ	السكاكي	٦٢٦	مفتاح العلوم	دار الكتب العلمية، بيروت - لبنان، الثانية، ١٤٠٧ هـ - ١٩٨٧ م	بطاقة المكتبة الشاملة 26581	تقعيد علوم البلاغة	م٢ التواصل	مرشّح	تُطابق على صفحة العنوان
مص-١٥٠	البلاغة	ب	الخطيب القزويني	٧٣٩	الإيضاح في علوم البلاغة	تحقيق محمد عبد المنعم خفاجي، دار الجيل - بيروت، الثالثة، ٣ أجزاء	بطاقة المكتبة الشاملة 7380	حدّ البلاغة والفصاحة	الافتتاحية، م٢ التواصل	مستعمَل في الافتتاحية	معتمدة (الباب ٧٢)
مص-١٥١	البلاغة	أ	الخطيب القزويني	٧٣٩	تلخيص المفتاح	تُحدَّد	—	المتن المعتمد في البلاغة	م٢ التواصل	للبحث	تُحدَّد
مص-١٥٢	البلاغة	أ	سعد الدين التفتازاني	٧٩٢	المطول شرح تلخيص المفتاح	تُحدَّد	—	المعاني والبيان	م٢ التواصل	للبحث	تُحدَّد
مص-١٥٣	البلاغة	ب	سعد الدين التفتازاني	٧٩٢	مختصر المعاني	تُحدَّد	—	البلاغة التعليمية	م٢ التواصل	للبحث	تُحدَّد
مص-١٥٤	البلاغة	أ	بهاء الدين السبكي	٧٧٣	عروس الأفراح في شرح تلخيص المفتاح	تحقيق الدكتور عبد الحميد هنداوي، المكتبة العصرية للطباعة والنشر، بيروت - لبنان، الأولى، ١٤٢٣ هـ - ٢٠٠٣ م، ٢ أجزاء	بطاقة المكتبة الشاملة 11151	مقتضى الحال	م٢ التواصل	للبحث	تُطابق على صفحة العنوان
مص-١٥٥	البلاغة	أ	ابن وهب الكاتب		البرهان في وجوه البيان	تحقيق د. حفني محمد شرف (أستاذ البلاغة، والنقد الأدبي المساعد - كلية دار العلوم، جامعة القاهرة)، مكتبة الشباب (القاهرة) - مطبعة الرسالة	بطاقة المكتبة الشاملة 20986	وجوه البيان الأربعة	الافتتاحية	للبحث	تُطابق على صفحة العنوان
مص-١٥٦	البلاغة	أ	ابن المعتز	٢٩٦	البديع	دار الجيل، الطبعة الأولى ١٤١٠هـ - ١٩٩٠م	بطاقة المكتبة الشاملة 11661	أول كتابٍ في البديع	م٣ المنصّات	للبحث	تُطابق على صفحة العنوان
مص-١٥٧	البلاغة	أ	يحيى بن حمزة العلوي		الطراز لأسرار البلاغة وعلوم حقائق الإعجاز	المكتبة العنصرية - بيروت، الأولى، ١٤٢٣ هـ، ٣ أجزاء	بطاقة المكتبة الشاملة 23788	البلاغة والإعجاز	م٢ التواصل	للبحث	تُطابق على صفحة العنوان
مص-١٥٨	البلاغة	أ	حازم القرطاجني	٦٨٤	منهاج البلغاء وسراج الأدباء	تُحدَّد	بطاقة المكتبة الشاملة 5388	التخييل والمحاكاة	م٣ المنصّات	للبحث	تُحدَّد
مص-١٥٩	البلاغة	أ	ابن رشيق القيرواني		العمدة في محاسن الشعر وآدابه	تحقيق محمد محيي الدين عبد الحميد [ت ١٣٩٢ هـ]، دار الجيل، الخامسة، ١٤٠١ هـ - ١٩٨١ م، ٢ أجزاء	بطاقة المكتبة الشاملة 10909	صنعة الشعر والمقام	م٣ المنصّات	مرشّح	تُطابق على صفحة العنوان
مص-١٦٠	البلاغة	ب	عبد المتعال الصعيدي		بغية الإيضاح لتلخيص المفتاح	مكتبة الآداب، السابعة عشر: ١٤٢٦ هـ-٢٠٠٥ م، ٤ أجزاء	بطاقة المكتبة الشاملة 10281	شرحٌ تعليمي للإيضاح	م٢ التواصل	للبحث	تُطابق على صفحة العنوان
مص-١٦١	البلاغة	ب	علي الجارم ومصطفى أمين		البلاغة الواضحة	تُحدَّد	—	البلاغة التعليمية بالأمثلة	م٢ التواصل	مرشّح	تُحدَّد
مص-١٦٢	البلاغة	أ	محمد محمد أبو موسى		خصائص التراكيب	مكتبة وهبة، السابعة	بطاقة المكتبة الشاملة 3334	معاني التراكيب وأسرارها	م٢ التواصل	مرشّح	تُطابق على صفحة العنوان
مص-١٦٣	البلاغة	أ	محمد محمد أبو موسى		دلالات التراكيب	تُحدَّد	—	التركيب ودلالته	م٢ التواصل	مرشّح	تُحدَّد
مص-١٦٤	البلاغة	ب	فضل حسن عباس	١٤٣٢	البلاغة فنونها وأفنانها	تُحدَّد	—	البلاغة الحديثة التعليمية	م٢ التواصل	للبحث	تُحدَّد
مص-١٦٥	البلاغة	ب	عبد الرحمن حبنكة الميداني	١٤٢٥	البلاغة العربية: أسسها وعلومها وفنونها	تُحدَّد	—	البلاغة التعليمية	م٢ التواصل	للبحث	تُحدَّد
مص-١٦٦	البلاغة	أ	أحمد مطلوب		معجم المصطلحات البلاغية وتطورها	تُحدَّد	—	ضبط المصطلح البلاغي	الافتتاحية، م٢ التواصل	مرشّح	تُحدَّد
مص-١٦٧	البلاغة	ب	أحمد الشايب	١٣٩٦	الأسلوب	مكتبة النهضة المصرية، الثانية عشرة ٢٠٠٣	بطاقة المكتبة الشاملة 7357	الأسلوب وعناصره	م٣ المنصّات	للبحث	تُطابق على صفحة العنوان
مص-١٦٨	البلاغة	ب	شوقي ضيف	١٤٢٦	البلاغة تطور وتاريخ	تُحدَّد	—	تاريخ علوم البلاغة	الافتتاحية	للبحث	تُحدَّد
مص-١٦٩	البلاغة	أ	محمود محمد شاكر	١٤١٨	مداخل إعجاز القرآن	تُحدَّد	—	النظم والإعجاز	الافتتاحية	للبحث	تُحدَّد
مص-١٧٠	الأدب والنقد والتراجم	أ	المبرد	٢٨٥	الكامل في اللغة والأدب	تحقيق محمد أبو الفضل إبراهيم [ت ١٤٠١ هـ]، دار الفكر العربي - القاهرة، الطبعة الثالثة ١٤١٧ هـ - ١٩٩٧ م، ٤ أجزاء	بطاقة المكتبة الشاملة 8505	نماذج البيان وشرحها	م٢ التواصل، م٣ المنصّات	مرشّح	تُطابق على صفحة العنوان
مص-١٧١	الأدب والنقد والتراجم	أ	ابن قتيبة	٢٧٦	عيون الأخبار	دار الكتب العلمية -بيروت، ٤ أجزاء	بطاقة المكتبة الشاملة 23790	أخبار البيان والخطابة	م٣ المنصّات	مرشّح	تُطابق على صفحة العنوان
مص-١٧٢	الأدب والنقد والتراجم	أ	ابن عبد ربه	٣٢٨	العقد الفريد	دار الكتب العلمية - بيروت، الأولى، ١٤٠٤ هـ، ٨ أجزاء	بطاقة المكتبة الشاملة 23789	الخطب والتوقيعات والمكاتبات	م٣ المنصّات	مرشّح	تُطابق على صفحة العنوان
مص-١٧٣	الأدب والنقد والتراجم	أ	أبو الفرج الأصفهاني	٣٥٦	الأغاني	تُحدَّد	—	أخبار الشعر والرواية	م٣ المنصّات	للبحث	تُحدَّد
مص-١٧٤	الأدب والنقد والتراجم	أ	أبو إسحاق الحصري	٤١٣	زهر الآداب وثمر الألباب	دار الجيل، بيروت، ٤ أجزاء	بطاقة المكتبة الشاملة 10768	مختارات البيان	م٣ المنصّات	للبحث	تُطابق على صفحة العنوان
مص-١٧٥	الأدب والنقد والتراجم	أ	أبو علي القالي	٣٥٦	الأمالي	تُحدَّد	—	اللغة والأخبار	م٣ المنصّات	للبحث	تُحدَّد
مص-١٧٦	الأدب والنقد والتراجم	أ	ابن الشجري	٥٤٢	الأمالي	تُحدَّد	—	مسائل النحو والشعر	م١ التأسيس	للبحث	تُحدَّد
مص-١٧٧	الأدب والنقد والتراجم	ب	أبو زيد القرشي		جمهرة أشعار العرب	نهضة مصر للطباعة والنشر والتوزيع	بطاقة المكتبة الشاملة 1487	رواية المعلّقات	الافتتاحية	مستعمَل في الافتتاحية	معتمدة (الباب ٧٢)
مص-١٧٨	الأدب والنقد والتراجم	أ	أبو بكر ابن الأنباري	٣٢٨	شرح القصائد السبع الطوال الجاهليات	دار المعارف [سلسلة ذخائر العرب (٣٥)]، الخامسة	بطاقة المكتبة الشاملة 124335	رواية المعلّقات وشرحها	الافتتاحية	مستعمَل في الافتتاحية	معتمدة (الباب ٧٢)
مص-١٧٩	الأدب والنقد والتراجم	ج	الزوزني	٤٨٦	شرح المعلقات السبع	دار احياء التراث العربي، الأولى ١٤٢٣هـ - ٢٠٠٢ م	بطاقة المكتبة الشاملة 11253	شرح المعلّقات؛ يُستبدل بطبعةٍ محقّقة	الافتتاحية	مستعمَل في الافتتاحية	معتمدة (الباب ٧٢)
مص-١٨٠	الأدب والنقد والتراجم	أ	الخطيب التبريزي	٥٠٢	شرح القصائد العشر	تُحدَّد	—	رواية المعلّقات وشرحها	الافتتاحية	مرشّح	تُحدَّد
مص-١٨١	الأدب والنقد والتراجم	أ	المفضل الضبي		المفضليات	دار المعارف - القاهرة، السادسة	بطاقة المكتبة الشاملة 6904	الشعر القديم المختار	م٣ المنصّات	مرشّح	تُطابق على صفحة العنوان
مص-١٨٢	الأدب والنقد والتراجم	أ	الأصمعي	٢١٦	الأصمعيات	تحقيق احمد محمد شاكر - عبد السلام محمد هارون، دار المعارف - مصر، السابعة، ١٩٩٣م	بطاقة المكتبة الشاملة 6905	الشعر القديم المختار	م٣ المنصّات	مرشّح	تُطابق على صفحة العنوان
مص-١٨٣	الأدب والنقد والتراجم	أ	المرزوقي	٤٢١	شرح ديوان الحماسة	تحقيق غريد الشيخ، دار الكتب العلمية، بيروت - لبنان، الأولى، ١٤٢٤ هـ - ٢٠٠٣ م	بطاقة المكتبة الشاملة 26536	عمود الشعر، والمختارات	م٣ المنصّات	مرشّح	تُطابق على صفحة العنوان
مص-١٨٤	الأدب والنقد والتراجم	أ	ابن قتيبة	٢٧٦	الشعر والشعراء	دار الحديث، القاهرة، ٢ أجزاء	بطاقة المكتبة الشاملة 23785	طبقات الشعراء وأخبارهم	م٣ المنصّات	للبحث	تُطابق على صفحة العنوان
مص-١٨٥	الأدب والنقد والتراجم	أ	ابن سلام الجمحي	٢٣٢	طبقات فحول الشعراء	تحقيق محمود محمد شاكر، دار المدني - جدة، ٢ أجزاء	بطاقة المكتبة الشاملة 6738	نقد الرواية والنحل	الافتتاحية	مرشّح	تُطابق على صفحة العنوان
مص-١٨٦	الأدب والنقد والتراجم	أ	قدامة بن جعفر	٣٣٧	نقد الشعر	مطبعة الجوائب - قسطنطينية، الأولى، ١٣٠٢	بطاقة المكتبة الشاملة 28181	أصول النقد	م٣ المنصّات	للبحث	تُطابق على صفحة العنوان
مص-١٨٧	الأدب والنقد والتراجم	أ	ابن طباطبا	٣٢٢	عيار الشعر	تحقيق عبد العزيز بن ناصر المانع، مكتبة الخانجي - القاهرة	بطاقة المكتبة الشاملة 6911	صنعة الشعر	م٣ المنصّات	للبحث	تُطابق على صفحة العنوان
مص-١٨٨	الأدب والنقد والتراجم	أ	الآمدي	٣٧٠	الموازنة بين شعر أبي تمام والبحتري	دار المعارف - الطبعة الرابعة [سلسلة ذخائر العرب (٢٥)]، ٣ أجزاء	بطاقة المكتبة الشاملة 26183	الموازنة والذوق	م٣ المنصّات	للبحث	تُطابق على صفحة العنوان
مص-١٨٩	الأدب والنقد والتراجم	أ	القاضي الجرجاني	٣٩٢	الوساطة بين المتنبي وخصومه	تُحدَّد	—	النقد والإنصاف	م٣ المنصّات	للبحث	تُحدَّد
مص-١٩٠	الأدب والنقد والتراجم	أ	ابن عبد البر	٤٦٣	أدب المجالسة وحمد اللسان	تحقيق سمير حلبي، دار الصحابة للتراث - طنطا، الأولى، ١٤٠٩ - ١٩٨٩	بطاقة المكتبة الشاملة 6780	حمد اللسان وفضل البيان	الافتتاحية، م٢ التواصل	مستعمَل في الافتتاحية	تُطابق على صفحة العنوان
مص-١٩١	الأدب والنقد والتراجم	أ	ابن عبد البر	٤٦٣	بهجة المجالس وأنس المجالس	تُحدَّد	بطاقة المكتبة الشاملة 558	أدب المجالس	م٢ التواصل	مرشّح	تُحدَّد
مص-١٩٢	الأدب والنقد والتراجم	ب	أحمد زكي صفوت		جمهرة خطب العرب في عصور العربية الزاهرة	المكتبة العلمية بيروت-لبنان، ٣ أجزاء	بطاقة المكتبة الشاملة 12005	نصوص الخطابة	م٣ المنصّات	مرشّح	تُطابق على صفحة العنوان
مص-١٩٣	الأدب والنقد والتراجم	ب	أحمد زكي صفوت		جمهرة رسائل العرب	المكتبة العلمية، بيروت - لبنان، ٤ أجزاء	بطاقة المكتبة الشاملة 13658	نصوص المكاتبات	م٣ المنصّات	مرشّح	تُطابق على صفحة العنوان
مص-١٩٤	الأدب والنقد والتراجم	أ	الميداني	٥١٨	مجمع الأمثال	تحقيق محمد محيى الدين عبد الحميد [ت ١٣٩٢ هـ]، دار المعرفة - بيروت، لبنان، ٢ أجزاء	بطاقة المكتبة الشاملة 12929	الأمثال ومضاربها	م٢ التواصل، م٣ المنصّات	مرشّح	تُطابق على صفحة العنوان
مص-١٩٥	الأدب والنقد والتراجم	أ	أبو هلال العسكري	٣٩٥	جمهرة الأمثال	دار الفكر - بيروت، ٢ أجزاء	بطاقة المكتبة الشاملة 6897	الأمثال ومضاربها	م٢ التواصل، م٣ المنصّات	للبحث	تُطابق على صفحة العنوان
مص-١٩٦	الأدب والنقد والتراجم	أ	أبو عبيد القاسم بن سلام	٢٢٤	الأمثال	تُحدَّد	—	الأمثال ومضاربها	م٢ التواصل، م٣ المنصّات	للبحث	تُحدَّد
مص-١٩٧	الأدب والنقد والتراجم	أ	الجاحظ	٢٥٥	البخلاء	دار ومكتبة الهلال، بيروت، الثانية، ١٤١٩ هـ	بطاقة المكتبة الشاملة 10501	نماذج النثر والحوار	م٣ المنصّات	مرشّح	تُطابق على صفحة العنوان
مص-١٩٨	الأدب والنقد والتراجم	أ	الجاحظ	٢٥٥	رسائل الجاحظ	تُحدَّد	—	نماذج النثر	م٣ المنصّات	للبحث	تُحدَّد
مص-١٩٩	الأدب والنقد والتراجم	أ	الجاحظ	٢٥٥	الحيوان	دار الكتب العلمية - بيروت، الثانية، ١٤٢٤ هـ، ٧ أجزاء	بطاقة المكتبة الشاملة 23775	الاستطراد والبيان	م٣ المنصّات	للبحث	تُطابق على صفحة العنوان
مص-٢٠٠	الأدب والنقد والتراجم	أ	أبو حيان التوحيدي		الإمتاع والمؤانسة	المكتبة العصرية، بيروت، الأولى ١٤٢٤ هـ - ٢٠٠٥ م [وأعادتْ نشرها مرارا بنفس ترقيم الصفحات]	بطاقة المكتبة الشاملة 10521	المحاورة والمناظرة	م٣ المنصّات	مرشّح	تُطابق على صفحة العنوان
مص-٢٠١	الأدب والنقد والتراجم	أ	أبو حيان التوحيدي		المقابسات	تحقيق حسن السندوبي [ت ١٣٨٤ هـ]، دار سعاد الصباح، الثانية، ١٩٩٢ م	بطاقة المكتبة الشاملة 10916	المناظرة	م٣ المنصّات	للبحث	تُطابق على صفحة العنوان
مص-٢٠٢	الأدب والنقد والتراجم	أ	ابن خلكان	٦٨١	وفيات الأعيان	تحقيق إحسان عباس، دار صادر - بيروت، الجزء: ١ - الطبعة: ٠، ١٩٠٠، ٧ أجزاء	بطاقة المكتبة الشاملة 1000	تراجم الأعلام	الافتتاحية، م١ التأسيس، م٢ التواصل، م٣ المنصّات، م٤ التمكين	مستعمَل في الافتتاحية	معتمدة (الباب ٧٢)
مص-٢٠٣	الأدب والنقد والتراجم	أ	الذهبي	٧٤٨	سير أعلام النبلاء	مؤسسة الرسالة، الثالثة، ١٤٠٥ هـ - ١٩٨٥ م، ٢٥ (٢٣ والفهارس) أجزاء	بطاقة المكتبة الشاملة 10906	تراجم الأعلام	الافتتاحية، م١ التأسيس، م٢ التواصل، م٣ المنصّات، م٤ التمكين	مستعمَل في الافتتاحية	معتمدة (الباب ٧٢)
مص-٢٠٤	الأدب والنقد والتراجم	أ	السيوطي	٩١١	بغية الوعاة في طبقات اللغويين والنحاة	تحقيق محمد أبو الفضل إبراهيم [ت ١٤٠١ هـ]، المكتبة العصرية - لبنان / صيدا، ٢ أجزاء	بطاقة المكتبة الشاملة 6744	تراجم النحاة واللغويين	الافتتاحية، م١ التأسيس، م٢ التواصل، م٣ المنصّات، م٤ التمكين	مستعمَل في الافتتاحية	معتمدة (الباب ٧٢)
مص-٢٠٥	الأدب والنقد والتراجم	أ	القفطي	٦٤٦	إنباه الرواة على أنباه النحاة	تحقيق محمد أبو الفضل إبراهيم [ت ١٤٠١ هـ]، دار الفكر العربي - القاهرة، ومؤسسة الكتب الثقافية - بيروت، الأولى، ١٤٠٦ هـ - ١٩٨٢ م.، ٤ أجزاء	بطاقة المكتبة الشاملة 10525	تراجم النحاة	الافتتاحية	مرشّح	تُطابق على صفحة العنوان
مص-٢٠٦	الأدب والنقد والتراجم	أ	ياقوت الحموي	٦٢٦	معجم الأدباء	تحقيق إحسان عباس، دار الغرب الإسلامي، بيروت، الأولى، ١٤١٤ هـ - ١٩٩٣ م، ٧ أجزاء	بطاقة المكتبة الشاملة 9788	تراجم الأدباء	الافتتاحية	مرشّح	تُطابق على صفحة العنوان
مص-٢٠٧	الأدب والنقد والتراجم	أ	أبو البركات الأنباري	٥٧٧	نزهة الألباء في طبقات الأدباء	تحقيق إبراهيم السامرائي، مكتبة المنار، الزرقاء - الأردن، الثالثة، ١٤٠٥ هـ - ١٩٨٥ م	بطاقة المكتبة الشاملة 3583	تراجم النحاة	الافتتاحية	للبحث	تُطابق على صفحة العنوان
مص-٢٠٨	الأدب والنقد والتراجم	أ	أبو بكر الزبيدي	٣٧٩	طبقات النحويين واللغويين	تحقيق محمد أبو الفضل إبراهيم [ت ١٤٠١ هـ]، دار المعارف، الثانية	بطاقة المكتبة الشاملة 13235	تراجم النحاة	الافتتاحية	للبحث	تُطابق على صفحة العنوان
مص-٢٠٩	الأدب والنقد والتراجم	ب	خير الدين الزركلي	١٣٩٦	الأعلام	دار العلم للملايين، الخامسة عشر - أيار / مايو ٢٠٠٢ م	بطاقة المكتبة الشاملة 12286	تعريفٌ موجز بالأعلام	الافتتاحية، م١ التأسيس، م٢ التواصل، م٣ المنصّات، م٤ التمكين	مرشّح	تُطابق على صفحة العنوان
مص-٢١٠	الأدب والنقد والتراجم	ب	شوقي ضيف	١٤٢٦	تاريخ الأدب العربي	دار المعارف - مصر، الأولى، ١٩٦٠ - ١٩٩٥ م، ١٠ أجزاء	بطاقة المكتبة الشاملة 11996	تاريخ الأدب	الافتتاحية	للبحث	تُطابق على صفحة العنوان
مص-٢١١	أصول الفقه ودلالات الخطاب	أ	الشافعي	٢٠٤	الرسالة	مصطفى البابي الحلبي وأولاد - مصر، الأولى، ١٣٥٧ هـ - ١٩٣٨ م	بطاقة المكتبة الشاملة 8180	البيان وسعة لسان العرب وفهم الخطاب	الافتتاحية، م٢ التواصل	مرشّح	معتمدة (الباب ٧٢)
مص-٢١٢	أصول الفقه ودلالات الخطاب	أ	الشافعي	٢٠٤	الأم	تُحدَّد	—	فقه الشافعي وبيانه	الافتتاحية	للبحث	تُحدَّد
مص-٢١٣	أصول الفقه ودلالات الخطاب	أ	الغزالي	٥٠٥	المستصفى	دار الكتب العلمية، الأولى، ١٤١٣ هـ - ١٩٩٣ م	بطاقة المكتبة الشاملة 5459	دلالات الألفاظ	م٢ التواصل	للبحث	تُطابق على صفحة العنوان
مص-٢١٤	أصول الفقه ودلالات الخطاب	أ	الشاطبي	٧٩٠	الموافقات	تحقيق أبو عبيدة مشهور بن حسن آل سلمان، دار ابن عفان، الأولى، ١٤١٧ هـ - ١٩٩٧ م، ٧ أجزاء	بطاقة المكتبة الشاملة 11435	مقاصد الخطاب ومعهود العرب في كلامها	الافتتاحية، م٢ التواصل	مرشّح	تُطابق على صفحة العنوان
مص-٢١٥	أصول الفقه ودلالات الخطاب	أ	سيف الدين الآمدي	٦٣١	الإحكام في أصول الأحكام	مؤسسة النور بالرياض، سنة ١٣٨٧ هـ، ٤ أجزاء	بطاقة المكتبة الشاملة 10801	الدلالات	م٢ التواصل	للبحث	تُطابق على صفحة العنوان
مص-٢١٦	أصول الفقه ودلالات الخطاب	أ	ابن قدامة	٦٢٠	روضة الناظر وجنة المناظر	مؤسسة الريّان للطباعة والنشر والتوزيع، الطبعة الثانية ١٤٢٣ هـ-٢٠٠٢ م، ٢ أجزاء	بطاقة المكتبة الشاملة 12010	أصول الفقه	م٢ التواصل	للبحث	تُطابق على صفحة العنوان
مص-٢١٧	أصول الفقه ودلالات الخطاب	أ	الطوفي	٧١٦	شرح مختصر الروضة	تحقيق عبد الله بن عبد المحسن التركي، مؤسسة الرسالة، الأولى ، ١٤٠٧ هـ / ١٩٨٧ م، ٣ أجزاء	بطاقة المكتبة الشاملة 10781	حقيقة الكلام، وبيت الأخطل	الافتتاحية	مستعمَل في الافتتاحية	معتمدة (الباب ٧٢)
مص-٢١٨	أصول الفقه ودلالات الخطاب	أ	ابن النجار	٩٧٢	شرح الكوكب المنير	تحقيق محمد الزحيلي - نزيه حماد، مكتبة العبيكان، الطبعة الثانية ١٤١٨ هـ - ١٩٩٧ مـ، ٤ أجزاء	بطاقة المكتبة الشاملة 12019	حقيقة الكلام، وبيت الأخطل	الافتتاحية	مستعمَل في الافتتاحية	معتمدة (الباب ٧٢)
مص-٢١٩	أصول الفقه ودلالات الخطاب	أ	ابن القيم	٧٥١	إعلام الموقعين عن رب العالمين	تُحدَّد	—	فهم مراد المتكلّم	م٢ التواصل	مرشّح	تُحدَّد
مص-٢٢٠	أصول الفقه ودلالات الخطاب	أ	ابن القيم	٧٥١	الصواعق المرسلة	تُحدَّد	—	دلالة اللفظ على مراد المتكلّم	م٢ التواصل	مرشّح	تُحدَّد
مص-٢٢١	أصول الفقه ودلالات الخطاب	أ	ابن تيمية	٧٢٨	مجموع الفتاوى	مجمع الملك فهد لطباعة المصحف الشريف - المدينة المنورة - السعودية	بطاقة المكتبة الشاملة 7289	حقيقة الكلام، ودلالة الألفاظ	الافتتاحية، م٢ التواصل	مستعمَل في الافتتاحية	معتمدة (الباب ٧٢)
مص-٢٢٢	أصول الفقه ودلالات الخطاب	أ	الزركشي	٧٩٤	البحر المحيط في أصول الفقه	دار الكتبي، الأولى، ١٤١٤ هـ - ١٩٩٤ م، ٨ أجزاء	بطاقة المكتبة الشاملة 21593	الدلالات	م٢ التواصل	للبحث	تُطابق على صفحة العنوان
مص-٢٢٣	أصول الفقه ودلالات الخطاب	أ	الشوكاني	١٢٥٠	إرشاد الفحول إلى تحقيق الحق من علم الأصول	تحقيق الشيخ أحمد عزو عناية، دمشق - كفر بطنا، دار الكتاب العربي، الطبعة الأولى ١٤١٩هـ - ١٩٩٩م، ٢ أجزاء	بطاقة المكتبة الشاملة 11437	الدلالات	م٢ التواصل	للبحث	تُطابق على صفحة العنوان
مص-٢٢٤	أصول الفقه ودلالات الخطاب	أ	أبو الحسين البصري	٤٣٦	المعتمد في أصول الفقه	دار الكتب العلمية - بيروت، الأولى، ١٤٠٣، ٢ أجزاء	بطاقة المكتبة الشاملة 6319	الدلالات	م٢ التواصل	للبحث	تُطابق على صفحة العنوان
مص-٢٢٥	أصول الفقه ودلالات الخطاب	أ	الجويني	٤٧٨	البرهان في أصول الفقه	تحقيق صلاح بن محمد بن عويضة، دار الكتب العلمية بيروت - لبنان، الطبعة الأولى ١٤١٨ هـ - ١٩٩٧ م، ٢ أجزاء	بطاقة المكتبة الشاملة 7439	البيان ومراتبه	م٢ التواصل	للبحث	تُطابق على صفحة العنوان
مص-٢٢٦	أصول الفقه ودلالات الخطاب	أ	العز بن عبد السلام	٦٦٠	الإشارة إلى الإيجاز في بعض أنواع المجاز	تُحدَّد	—	الإيجاز والمجاز في القرآن	م٢ التواصل	للبحث	تُحدَّد
مص-٢٢٧	أصول الفقه ودلالات الخطاب	أ	القرافي	٦٨٤	الفروق	تُحدَّد	—	الفروق بين المعاني	م٢ التواصل	للبحث	تُحدَّد
مص-٢٢٨	أصول الفقه ودلالات الخطاب	أ	القرافي	٦٨٤	شرح تنقيح الفصول	تحقيق طه عبد الرؤوف سعد، شركة الطباعة الفنية المتحدة، الأولى، ١٣٩٣ هـ - ١٩٧٣ م	بطاقة المكتبة الشاملة 21813	الدلالات	م٢ التواصل	للبحث	تُطابق على صفحة العنوان
مص-٢٢٩	أصول الفقه ودلالات الخطاب	أ	تقي الدين السبكي وتاج الدين السبكي		الإبهاج في شرح المنهاج	دار البحوث للدراسات الإسلامية وإحياء التراث، الأولى، ١٤٢٤ هـ - ٢٠٠٤ م، ٧ (١ دراسة، ٢ - ٧ متسلسلة الترقيم) أجزاء	بطاقة المكتبة الشاملة 147104	حقيقة الكلام عند الأصوليين	الافتتاحية	للبحث	تُطابق على صفحة العنوان
مص-٢٣٠	أصول الفقه ودلالات الخطاب	أ	تاج الدين السبكي	٧٧١	رفع الحاجب عن مختصر ابن الحاجب	تحقيق علي محمد معوض - عادل أحمد عبد الموجود، عالم الكتب، بيروت - لبنان، الأولى، ١٩٩٩ م - ١٤١٩ هـ، ٤ أجزاء	بطاقة المكتبة الشاملة 6338	حقيقة الكلام عند الأصوليين	الافتتاحية	للبحث	تُطابق على صفحة العنوان
مص-٢٣١	أصول الفقه ودلالات الخطاب	أ	محمد أديب صالح		تفسير النصوص في الفقه الإسلامي	المكتب الإسلامي، بيروت - لبنان، الخامسة، ١٤٢٩ هـ - ٢٠٠٨ م، ٢ أجزاء	بطاقة المكتبة الشاملة 1546	دلالات الألفاظ عند الأصوليين	م٢ التواصل	مرشّح	تُطابق على صفحة العنوان
مص-٢٣٢	أصول الفقه ودلالات الخطاب	أ	فتحي الدريني		المناهج الأصولية في الاجتهاد بالرأي	تُحدَّد	—	دلالات الخطاب	م٢ التواصل	للبحث	تُحدَّد
مص-٢٣٣	أصول الفقه ودلالات الخطاب	ب	محمد أبو زهرة	١٣٩٤	أصول الفقه	تُحدَّد	—	مدخل تعليمي	م٢ التواصل	للبحث	تُحدَّد
مص-٢٣٤	أصول الفقه ودلالات الخطاب	ب	عبد الوهاب خلاف	١٣٧٥	علم أصول الفقه	مطبعة المدني «المؤسسة السعودية بمصر»	بطاقة المكتبة الشاملة 12380	مدخل تعليمي	م٢ التواصل	للبحث	تُطابق على صفحة العنوان
مص-٢٣٥	التفسير والفقه والآداب	أ	الطبري	٣١٠	جامع البيان عن تأويل آي القرآن	دار هجر للطباعة والنشر والتوزيع والإعلان - القاهرة، مصر، الأولى، ١٤٢٢ هـ - ٢٠٠١ م، ٢٦ (٢٤ والفهارس) أجزاء	بطاقة المكتبة الشاملة 7798	أقوال السلف في معاني الآيات	الافتتاحية، م١ التأسيس، م٢ التواصل، م٣ المنصّات، م٤ التمكين	مستعمَل في الافتتاحية	معتمدة (الباب ٧٢)
مص-٢٣٦	التفسير والفقه والآداب	أ	الزمخشري	٥٣٨	الكشاف عن حقائق غوامض التنزيل	تُحدَّد	—	البلاغة في التفسير	م٢ التواصل	مرشّح	تُحدَّد
مص-٢٣٧	التفسير والفقه والآداب	أ	ابن عطية	٥٤٢	المحرر الوجيز في تفسير الكتاب العزيز	تحقيق عبد السلام عبد الشافي محمد، دار الكتب العلمية - بيروت، الأولى - ١٤٢٢ هـ	بطاقة المكتبة الشاملة 23632	التفسير واللغة	م٢ التواصل	للبحث	تُطابق على صفحة العنوان
مص-٢٣٨	التفسير والفقه والآداب	أ	القرطبي	٦٧١	الجامع لأحكام القرآن	دار الكتب المصرية - القاهرة، الثانية، ١٣٨٤ هـ - ١٩٦٤ م، ٢٠ جزءا (في ١٠ مجلدات) أجزاء	بطاقة المكتبة الشاملة 20855	أحكام القول في الآيات	م٢ التواصل	مرشّح	تُطابق على صفحة العنوان
مص-٢٣٩	التفسير والفقه والآداب	أ	ابن كثير	٧٧٤	تفسير القرآن العظيم	تُحدَّد	—	التفسير بالمأثور	الافتتاحية، م٢ التواصل	مرشّح	تُحدَّد
مص-٢٤٠	التفسير والفقه والآداب	أ	أبو حيان الأندلسي	٧٤٥	البحر المحيط في التفسير	دار الفكر - بيروت، ١١ (الأخير فهارس) أجزاء	بطاقة المكتبة الشاملة 23591	التفسير النحوي	م٢ التواصل	للبحث	تُطابق على صفحة العنوان
مص-٢٤١	التفسير والفقه والآداب	أ	السمين الحلبي	٧٥٦	الدر المصون في علوم الكتاب المكنون	تحقيق الدكتور أحمد محمد الخراط، دار القلم، دمشق، ١١ أجزاء	بطاقة المكتبة الشاملة 9057	الإعراب، وبيت الأخطل	الافتتاحية	مستعمَل في الافتتاحية	معتمدة (الباب ٧٢)
مص-٢٤٢	التفسير والفقه والآداب	أ	الآلوسي	١٢٧٠	روح المعاني	تُحدَّد	—	التفسير اللغوي	م٢ التواصل	للبحث	تُحدَّد
مص-٢٤٣	التفسير والفقه والآداب	أ	محمد الطاهر ابن عاشور	١٣٩٣	التحرير والتنوير	تُحدَّد	—	البلاغة والمقاصد في التفسير	الافتتاحية، م٢ التواصل	مرشّح	تُحدَّد
مص-٢٤٤	التفسير والفقه والآداب	أ	محمد الأمين الشنقيطي	١٣٩٣	أضواء البيان في إيضاح القرآن بالقرآن	دار الفكر للطباعة و النشر و التوزيع بيروت - لبنان	بطاقة المكتبة الشاملة 22918	تفسير القرآن بالقرآن	م٢ التواصل	للبحث	تُطابق على صفحة العنوان
مص-٢٤٥	التفسير والفقه والآداب	أ	البقاعي	٨٨٥	نظم الدرر في تناسب الآيات والسور	دائرة المعارف العثمانية، حيدر آباد - الهند، الأولى، (١٣٨٩ - ١٤٠٤ هـ) (١٩٦٩ - ١٩٨٤ م)، ٢٢ أجزاء	بطاقة المكتبة الشاملة 9098	التناسب	م٢ التواصل	للبحث	تُطابق على صفحة العنوان
مص-٢٤٦	التفسير والفقه والآداب	أ	فخر الدين الرازي	٦٠٦	مفاتيح الغيب	دار إحياء التراث العربي - بيروت، الثالثة - ١٤٢٠ هـ	بطاقة المكتبة الشاملة 23635	التفسير الكلامي واللغوي	م٢ التواصل	للبحث	تُطابق على صفحة العنوان
مص-٢٤٧	التفسير والفقه والآداب	أ	البغوي	٥١٦	معالم التنزيل	تُحدَّد	—	التفسير بالمأثور	م٢ التواصل	للبحث	تُحدَّد
مص-٢٤٨	التفسير والفقه والآداب	أ	ابن الجوزي	٥٩٧	زاد المسير في علم التفسير	تحقيق عبد الرزاق المهدي، دار الكتاب العربي - بيروت، الأولى - ١٤٢٢ هـ	بطاقة المكتبة الشاملة 23619	جمع الأقوال	م٢ التواصل	للبحث	تُطابق على صفحة العنوان
مص-٢٤٩	التفسير والفقه والآداب	ب	عبد الرحمن السعدي	١٣٧٦	تيسير الكريم الرحمن	تحقيق عبد الرحمن بن معلا اللويحق، مؤسسة الرسالة، الأولى ١٤٢٠هـ -٢٠٠٠ م، ١ أجزاء	بطاقة المكتبة الشاملة 42	التفسير الميسّر	م٢ التواصل	للبحث	تُطابق على صفحة العنوان
مص-٢٥٠	التفسير والفقه والآداب	ب	مجموعة من المؤلفين		موسوعة التفسير المأثور	تُحدَّد	—	جمع أقوال السلف	الافتتاحية	للبحث	تُحدَّد
مص-٢٥١	التفسير والفقه والآداب	أ	الغزالي	٥٠٥	إحياء علوم الدين (كتاب آفات اللسان)	دار المعرفة - بيروت، ٤ أجزاء	بطاقة المكتبة الشاملة 9472	آفات اللسان	م٢ التواصل	مرشّح	تُطابق على صفحة العنوان
مص-٢٥٢	التفسير والفقه والآداب	أ	ابن أبي الدنيا	٢٨١	الصمت وآداب اللسان	دار الكتاب العربي - بيروت، الأولى، ١٤١٠ هـ - ١٩٩٠ م	بطاقة المكتبة الشاملة 13039	آداب اللسان المسندة	م٢ التواصل	مرشّح	تُطابق على صفحة العنوان
مص-٢٥٣	التفسير والفقه والآداب	أ	ابن أبي الدنيا	٢٨١	مكارم الأخلاق	تحقيق مجدي السيد إبراهيم [ت ١٤٤٨ هـ]، مكتبة القرآن - القاهرة	بطاقة المكتبة الشاملة 13180	الأخلاق المسندة	م٢ التواصل	للبحث	تُطابق على صفحة العنوان
مص-٢٥٤	التفسير والفقه والآداب	أ	ابن مفلح	٧٦٣	الآداب الشرعية	عالم الكتب، ٣ أجزاء	بطاقة المكتبة الشاملة 21582	آداب الكلام والمجالسة	م٢ التواصل	مرشّح	تُطابق على صفحة العنوان
مص-٢٥٥	التفسير والفقه والآداب	أ	السفاريني	١١٨٨	غذاء الألباب في شرح منظومة الآداب	مؤسسة قرطبة - مصر، الثانية ، ١٤١٤ هـ / ١٩٩٣م، ٢ أجزاء	بطاقة المكتبة الشاملة 25791	آداب الكلام	م٢ التواصل	للبحث	تُطابق على صفحة العنوان
مص-٢٥٦	التفسير والفقه والآداب	أ	الماوردي	٤٥٠	أدب الدنيا والدين	دار مكتبة الحياة، بدون طبعة	بطاقة المكتبة الشاملة 765	آداب المواضعة والكلام	م٢ التواصل	مرشّح	تُطابق على صفحة العنوان
مص-٢٥٧	التفسير والفقه والآداب	أ	ابن حبان	٣٥٤	روضة العقلاء ونزهة الفضلاء	تحقيق محمد محي الدين عبد الحميد [ت ١٣٩٢ هـ]، دار الكتب العلمية - بيروت	بطاقة المكتبة الشاملة 6944	حفظ اللسان والصمت	م٢ التواصل	مرشّح	تُطابق على صفحة العنوان
مص-٢٥٨	التفسير والفقه والآداب	أ	الآجري	٣٦٠	أخلاق حملة القرآن	تُحدَّد	—	أخلاق أهل القرآن	م١ التأسيس	للبحث	تُحدَّد
مص-٢٥٩	التفسير والفقه والآداب	أ	ابن القيم	٧٥١	الداء والدواء (الجواب الكافي)	دار عطاءات العلم (الرياض) - دار ابن حزم (بيروت)، الرابعة، ١٤٤٠ هـ - ٢٠١٩ م (الأولى لدار ابن حزم)	بطاقة المكتبة الشاملة 98093	حفظ اللسان	الافتتاحية، م٢ التواصل	مستعمَل في الافتتاحية	معتمدة (الباب ٧٢)
مص-٢٦٠	التفسير والفقه والآداب	أ	ابن القيم	٧٥١	مدارج السالكين	تُحدَّد	—	منازل الأدب	م٢ التواصل	للبحث	تُحدَّد
مص-٢٦١	التفسير والفقه والآداب	أ	ابن تيمية	٧٢٨	اقتضاء الصراط المستقيم	تحقيق ناصر عبد الكريم العقل، دار عالم الكتب، بيروت، لبنان، السابعة، ١٤١٩هـ - ١٩٩٩م، ٢ أجزاء	بطاقة المكتبة الشاملة 11620	اعتياد اللغة، واللغة من الدين	الافتتاحية	مستعمَل في الافتتاحية	معتمدة (الباب ٧٢)
مص-٢٦٢	التفسير والفقه والآداب	أ	ابن أبي العز	٧٩٢	شرح العقيدة الطحاوية	مؤسسة الرسالة، بيروت - لبنان، الثانية، ١٤١١ هـ - ١٩٩٠ م، ٢ (متسلسلة الترقيم) أجزاء	بطاقة المكتبة الشاملة 8352	حقيقة الكلام، وبيت الأخطل	الافتتاحية	مستعمَل في الافتتاحية	معتمدة (الباب ٧٢)
مص-٢٦٣	التفسير والفقه والآداب	أ	ابن قدامة	٦٢٠	المغني	مكتبة القاهرة، الأولى، (١٣٨٨ هـ = ١٩٦٨ م) - (١٣٨٩ هـ = ١٩٦٩ م)، ١٠ أجزاء	بطاقة المكتبة الشاملة 8463	الأحكام الفقهية المتعلّقة بالكلام	م٢ التواصل	للبحث	تُطابق على صفحة العنوان
مص-٢٦٤	التفسير والفقه والآداب	أ	أبو نعيم الأصبهاني	٤٣٠	حلية الأولياء وطبقات الأصفياء	مطبعة السعادة - بجوار محافظة مصر، ١٠ أجزاء	بطاقة المكتبة الشاملة 10495	الآثار المسندة	الافتتاحية	للبحث	تُطابق على صفحة العنوان
مص-٢٦٥	التفسير والفقه والآداب	أ	عبد الله بن المبارك	١٨١	الزهد والرقائق	تحقيق «وقد نقلت في التعليق زيادات نعيم في مواضعها، سواء كانت ما انفرد به نعيم عن ابن المبارك، أو رواها عن شيخ آخر وأما الأبواب التي تفرد بها نعيم أو الأحاديث التي لم أنقلها في تعليق بسبب، فسألحقها بآخر نسخة المروزي من طبعتنا هذه».	بطاقة المكتبة الشاملة 13028	الآثار المسندة	الافتتاحية	للبحث	تُطابق على صفحة العنوان
مص-٢٦٦	التفسير والفقه والآداب	أ	أحمد بن حنبل	٢٤١	الزهد	تُحدَّد	—	الآثار المسندة	الافتتاحية	للبحث	تُحدَّد
مص-٢٦٧	التربية والتعليم وآداب العلم	أ	ابن عبد البر	٤٦٣	جامع بيان العلم وفضله	تحقيق أبو الأشبال الزهيري، دار ابن الجوزي - السعودية، الأولى، ١٤١٤ هـ - ١٩٩٤ م، ٢ (متسلسلة الترقيم) أجزاء	بطاقة المكتبة الشاملة 22367	التلقّي والمذاكرة	الافتتاحية، م٤ التمكين	مرشّح	تُطابق على صفحة العنوان
مص-٢٦٨	التربية والتعليم وآداب العلم	أ	الخطيب البغدادي	٤٦٣	الجامع لأخلاق الراوي وآداب السامع	تحقيق د. محمود الطحان [ت ١٤٤٤ هـ]، مكتبة المعارف - الرياض، ٢ أجزاء	بطاقة المكتبة الشاملة 13012	آداب التلقّي والتحديث	الافتتاحية، م٤ التمكين	مرشّح	تُطابق على صفحة العنوان
مص-٢٦٩	التربية والتعليم وآداب العلم	أ	الخطيب البغدادي	٤٦٣	الفقيه والمتفقه	تحقيق أبو عبد الرحمن عادل بن يوسف الغرازي، دار ابن الجوزي - السعودية، الثانية، ١٤٢١ هـ، ٢ أجزاء	بطاقة المكتبة الشاملة 13048	آداب المناظرة والتعليم	م٤ التمكين	للبحث	تُطابق على صفحة العنوان
مص-٢٧٠	التربية والتعليم وآداب العلم	أ	ابن جماعة	٧٣٣	تذكرة السامع والمتكلم في أدب العالم والمتعلم	دائرة المعارف (وصورته دار الكتب العلمية، بيروت - لبنان)	بطاقة المكتبة الشاملة 151180	آداب المعلّم والمتعلّم	م٤ التمكين	مرشّح	تُطابق على صفحة العنوان
مص-٢٧١	التربية والتعليم وآداب العلم	أ	السمعاني	٥٦٢	أدب الإملاء والاستملاء	تحقيق ماكس فايسفايلر، دار الكتب العلمية - بيروت، الأولى، ١٤٠١ - ١٩٨١	بطاقة المكتبة الشاملة 6018	آداب الإلقاء	م٣ المنصّات	للبحث	تُطابق على صفحة العنوان
مص-٢٧٢	التربية والتعليم وآداب العلم	أ	ابن سحنون	٢٥٦	آداب المعلمين	تُحدَّد	—	تعليم الصبيان	م٤ التمكين	للبحث	تُحدَّد
مص-٢٧٣	التربية والتعليم وآداب العلم	أ	القابسي	٤٠٣	الرسالة المفصلة لأحوال المتعلمين وأحكام المعلمين والمتعلمين	تُحدَّد	—	تعليم الصبيان	م٤ التمكين	للبحث	تُحدَّد
مص-٢٧٤	التربية والتعليم وآداب العلم	أ	الزرنوجي		تعليم المتعلم طريق التعلم	تُحدَّد	—	آداب طلب العلم	م٤ التمكين	للبحث	تُحدَّد
مص-٢٧٥	التربية والتعليم وآداب العلم	ب	ابن خلدون	٨٠٨	المقدمة (تاريخ ابن خلدون، ج١)	دار الفكر، بيروت، الأولى، ١٤٠١ هـ - ١٩٨١ م (وأعادوا طباعتها بالتصوير مِرار)، ٨ (الثامن فهارس) أجزاء	بطاقة المكتبة الشاملة 12320	الملكة والتعليم والسماع	الافتتاحية، م١ التأسيس، م٢ التواصل، م٣ المنصّات، م٤ التمكين	مستعمَل في الافتتاحية	معتمدة (الباب ٧٢)
مص-٢٧٦	التربية والتعليم وآداب العلم	أ	ابن القيم	٧٥١	مفتاح دار السعادة	تُحدَّد	—	فضل العلم وطرق تحصيله	م٤ التمكين	للبحث	تُحدَّد
مص-٢٧٧	التربية والتعليم وآداب العلم	أ	ابن رجب	٧٩٥	فضل علم السلف على علم الخلف	الفاروق الحديثة للطباعة والنشر، الأولى، ١٤٢٥ هـ - ٢٠٠٤ م	بطاقة المكتبة الشاملة 151140	حقيقة العلم وقلّة الكلام	الافتتاحية	مرشّح	تُطابق على صفحة العنوان
مص-٢٧٨	التربية والتعليم وآداب العلم	ب	بكر أبو زيد	١٤٢٩	حلية طالب العلم	دار العاصمة للنشر والتوزيع، الرياض، الأولى، ١٤١٦ هـ	بطاقة المكتبة الشاملة 9884	آداب طالب العلم	م٤ التمكين	للبحث	تُطابق على صفحة العنوان
مص-٢٧٩	التربية والتعليم وآداب العلم	ب	عبد العليم إبراهيم		الموجه الفني لمدرسي اللغة العربية	تُحدَّد	—	طرق تدريس العربية	م٤ التمكين	مرشّح	تُحدَّد
مص-٢٨٠	التربية والتعليم وآداب العلم	ب	رشدي أحمد طعيمة		تعليم العربية لغير الناطقين بها: مناهجه وأساليبه	تُحدَّد	—	تعليم العربية لغير أهلها	الافتتاحية، م١ التأسيس، م٢ التواصل، م٣ المنصّات، م٤ التمكين	مرشّح	تُحدَّد
مص-٢٨١	التربية والتعليم وآداب العلم	ب	رشدي أحمد طعيمة		المرجع في تعليم اللغة العربية للناطقين بلغات أخرى	تُحدَّد	—	تعليم العربية لغير أهلها	م١ التأسيس، م٢ التواصل، م٣ المنصّات، م٤ التمكين	مرشّح	تُحدَّد
مص-٢٨٢	التربية والتعليم وآداب العلم	ب	حسن شحاتة		تعليم اللغة العربية بين النظرية والتطبيق	تُحدَّد	—	طرق التدريس	م٤ التمكين	للبحث	تُحدَّد
مص-٢٨٣	التربية والتعليم وآداب العلم	ب	عبده الراجحي	١٤٣١	علم اللغة التطبيقي وتعليم العربية	تُحدَّد	—	اللسانيات التطبيقية والعربية	الافتتاحية، م٤ التمكين	مرشّح	تُحدَّد
مص-٢٨٤	التربية والتعليم وآداب العلم	ب	نايف خرما وعلي حجاج		اللغات الأجنبية: تعليمها وتعلمها (عالم المعرفة ١٢٦)	تُحدَّد	—	تعلّم اللغات	الافتتاحية	مرشّح	تُحدَّد
مص-٢٨٥	التربية والتعليم وآداب العلم	أ	Grant Wiggins and Jay McTighe	1998	Understanding by Design	أول نشر 1998	Open Library /works/OL1908804W	تصميم الوحدات من الغاية	م٤ التمكين	مرشّح	تُطابق على صفحة العنوان
مص-٢٨٦	التربية والتعليم وآداب العلم	أ	John Hattie	2009	Visible Learning	أول نشر 2008	Open Library /works/OL4100637W	أثر الممارسات التعليمية	م٤ التمكين	مرشّح	تُطابق على صفحة العنوان
مص-٢٨٧	التربية والتعليم وآداب العلم	أ	Susan A. Ambrose et al.	2010	How Learning Works: Seven Research-Based Principles for Smart Teaching	تُحدَّد		مبادئ التعلّم	م٤ التمكين	مرشّح	تُحدَّد
مص-٢٨٨	التربية والتعليم وآداب العلم	أ	Peter C. Brown, Henry L. Roediger, Mark A. McDaniel	2014	Make It Stick: The Science of Successful Learning	أول نشر 2023	Open Library /works/OL39664947W	الاسترجاع والتكرار المتباعد	م٤ التمكين	مرشّح	تُطابق على صفحة العنوان
مص-٢٨٩	التربية والتعليم وآداب العلم	أ	Anders Ericsson and Robert Pool	2016	Peak: Secrets from the New Science of Expertise	تُحدَّد		التدرّب المقصود	الافتتاحية، م٤ التمكين	مرشّح	تُحدَّد
مص-٢٩٠	التربية والتعليم وآداب العلم	أ	K. Anders Ericsson, Ralf T. Krampe, Clemens Tesch-Römer	1993	The Role of Deliberate Practice in the Acquisition of Expert Performance	Psychological Review 100(3): 363-406, 1993	Crossref 10.1037/0033-295x.100.3.363	التدرّب المقصود	الافتتاحية، م٤ التمكين	مرشّح	طوبقت على Crossref
مص-٢٩١	التربية والتعليم وآداب العلم	أ	Barak Rosenshine	2012	Principles of Instruction: Research-Based Strategies That All Teachers Should Know	تُحدَّد	—	مبادئ التدريس المباشر	م٤ التمكين	مرشّح	تُحدَّد
مص-٢٩٢	التربية والتعليم وآداب العلم	أ	Paul Black and Dylan Wiliam	1998	Assessment and Classroom Learning	Assessment in Education: Principles, Policy &amp; Practice 5(1): 7-74, 1998	Crossref 10.1080/0969595980050102	التقويم البنائي	م٤ التمكين	مرشّح	طوبقت على Crossref
مص-٢٩٣	التربية والتعليم وآداب العلم	أ	Dylan Wiliam	2011	Embedded Formative Assessment	أول نشر 2011	Open Library /works/OL15933087W	التقويم البنائي	م٤ التمكين	مرشّح	تُطابق على صفحة العنوان
مص-٢٩٤	التربية والتعليم وآداب العلم	أ	Lev S. Vygotsky	1978	Mind in Society: The Development of Higher Psychological Processes	تُحدَّد		التعلّم بالمعاونة	م٤ التمكين	للبحث	تُحدَّد
مص-٢٩٥	اللسانيات الحديثة	أ	Stephen D. Krashen	1982	Principles and Practice in Second Language Acquisition	أول نشر 1982	Open Library /works/OL1981215W	المدخل المفهوم	الافتتاحية، م١ التأسيس	مرشّح	تُطابق على صفحة العنوان
مص-٢٩٦	اللسانيات الحديثة	أ	Michael H. Long	1996	The Role of the Linguistic Environment in Second Language Acquisition	تُحدَّد	—	التفاعل والتفاوض على المعنى	م٢ التواصل	مرشّح	تُحدَّد
مص-٢٩٧	اللسانيات الحديثة	أ	Merrill Swain	1985	Communicative Competence: Some Roles of Comprehensible Input and Comprehensible Output in Its Development	تُحدَّد	—	الإنتاج وأثره في الاكتساب	الافتتاحية، م٢ التواصل	مرشّح	تُحدَّد
مص-٢٩٨	اللسانيات الحديثة	أ	Richard W. Schmidt	1990	The Role of Consciousness in Second Language Learning	Applied Linguistics 11(2): 129-158, 1990	Crossref 10.1093/applin/11.2.129	الانتباه والملاحظة	م١ التأسيس	مرشّح	طوبقت على Crossref
مص-٢٩٩	اللسانيات الحديثة	أ	Rod Ellis	2008	The Study of Second Language Acquisition	أول نشر 2008	Open Library /works/OL20828370W	مرجعٌ جامع في الاكتساب	الافتتاحية	مرشّح	تُطابق على صفحة العنوان
مص-٣٠٠	اللسانيات الحديثة	أ	Susan M. Gass and Larry Selinker	2008	Second Language Acquisition: An Introductory Course	تُحدَّد		مدخل إلى الاكتساب	الافتتاحية	للبحث	تُحدَّد
مص-٣٠١	اللسانيات الحديثة	أ	Patsy M. Lightbown and Nina Spada	2013	How Languages Are Learned	أول نشر 1999	Open Library /works/OL18163746W	مدخل إلى الاكتساب للمعلّمين	م٤ التمكين	مرشّح	تُطابق على صفحة العنوان
مص-٣٠٢	اللسانيات الحديثة	أ	Robert DeKeyser	2007	Practice in a Second Language: Perspectives from Applied Linguistics and Cognitive Psychology	تُحدَّد		المران وتحويل المعرفة إلى ملكة	الافتتاحية، م١ التأسيس	مرشّح	تُحدَّد
مص-٣٠٣	اللسانيات الحديثة	أ	Norman Segalowitz	2010	Cognitive Bases of Second Language Fluency	أول نشر 2010	Open Library /works/OL18733601W	الطلاقة	الافتتاحية، م٣ المنصّات	مرشّح	تُطابق على صفحة العنوان
مص-٣٠٤	اللسانيات الحديثة	أ	I. S. P. Nation and Jonathan Newton	2009	Teaching ESL/EFL Listening and Speaking	أول نشر 2008	Open Library /works/OL25209064W	تعليم الاستماع والكلام	م١ التأسيس، م٢ التواصل، م٣ المنصّات، م٤ التمكين	مرشّح	تُطابق على صفحة العنوان
مص-٣٠٥	اللسانيات الحديثة	أ	I. S. P. Nation	2013	Learning Vocabulary in Another Language	أول نشر 1999	Open Library /works/OL3443321W	المفردات	م١ التأسيس، م٢ التواصل	مرشّح	تُطابق على صفحة العنوان
مص-٣٠٦	اللسانيات الحديثة	أ	Alison Wray	2002	Formulaic Language and the Lexicon	أول نشر 2002	Open Library /works/OL1859932W	العبارات الجاهزة والطبيعية	الافتتاحية، م٢ التواصل	مرشّح	تُطابق على صفحة العنوان
مص-٣٠٧	اللسانيات الحديثة	أ	Andrew Pawley and Frances Hodgetts Syder	1983	Two Puzzles for Linguistic Theory: Nativelike Selection and Nativelike Fluency	تُحدَّد	—	الاختيار الطبيعي والطلاقة	الافتتاحية، م٢ التواصل	مرشّح	تُحدَّد
مص-٣٠٨	اللسانيات الحديثة	أ	Larry Selinker	1972	Interlanguage	IRAL - International Review of Applied Linguistics in Language Teaching 10(1-4): , 1972	Crossref 10.1515/iral.1972.10.1-4.209	اللغة البينية	م٤ التمكين	مرشّح	طوبقت على Crossref
مص-٣٠٩	اللسانيات الحديثة	أ	S. Pit Corder	1967	The Significance of Learners' Errors	IRAL - International Review of Applied Linguistics in Language Teaching 5(1-4): , 1967	Crossref 10.1515/iral.1967.5.1-4.161	تحليل الأخطاء	م٤ التمكين	مرشّح	طوبقت على Crossref
مص-٣١٠	اللسانيات الحديثة	أ	Rod Ellis and Gary Barkhuizen	2005	Analysing Learner Language	تُحدَّد		تحليل لغة المتعلّم	م٤ التمكين	مرشّح	تُحدَّد
مص-٣١١	اللسانيات الحديثة	أ	Bill VanPatten and Jessica Williams (eds.)	2015	Theories in Second Language Acquisition: An Introduction	تُحدَّد		نظريات الاكتساب	الافتتاحية	للبحث	تُحدَّد
مص-٣١٢	اللسانيات الحديثة	أ	Catherine J. Doughty and Michael H. Long (eds.)	2003	The Handbook of Second Language Acquisition	تُحدَّد		مرجعٌ جامع	الافتتاحية	للبحث	تُحدَّد
مص-٣١٣	اللسانيات الحديثة	أ	Lourdes Ortega	2009	Understanding Second Language Acquisition	أول نشر 2008	Open Library /works/OL9465698W	مدخل إلى الاكتساب	الافتتاحية	للبحث	تُطابق على صفحة العنوان
مص-٣١٤	اللسانيات الحديثة	أ	Peter Skehan	1998	A Cognitive Approach to Language Learning	أول نشر 1998	Open Library /works/OL4644755W	الدقة والطلاقة والتعقيد	م٣ المنصّات	مرشّح	تُطابق على صفحة العنوان
مص-٣١٥	اللسانيات الحديثة	أ	Alex Housen and Folkert Kuiken	2009	Complexity, Accuracy, and Fluency in Second Language Acquisition	Applied Linguistics 30(4): 461-473, 2009	Crossref 10.1093/applin/amp048	قياس الأداء	م٤ التمكين	مرشّح	طوبقت على Crossref
مص-٣١٦	اللسانيات الحديثة	أ	Jack C. Richards and Theodore S. Rodgers	2014	Approaches and Methods in Language Teaching	أول نشر 1986	Open Library /works/OL38134W	مناهج تعليم اللغات	الافتتاحية، م٤ التمكين	مرشّح	تُطابق على صفحة العنوان
مص-٣١٧	اللسانيات الحديثة	أ	H. Douglas Brown	2015	Teaching by Principles: An Interactive Approach to Language Pedagogy	أول نشر 2007	Open Library /works/OL45933395W	مبادئ التدريس	م٤ التمكين	للبحث	تُطابق على صفحة العنوان
مص-٣١٨	اللسانيات الحديثة	أ	Scott Thornbury	2005	How to Teach Speaking	تُحدَّد		تعليم الكلام	م١ التأسيس، م٢ التواصل، م٣ المنصّات	مرشّح	تُحدَّد
مص-٣١٩	اللسانيات الحديثة	أ	Christine C. M. Goh and Anne Burns	2012	Teaching Speaking: A Holistic Approach	تُحدَّد		تعليم الكلام	م١ التأسيس، م٢ التواصل، م٣ المنصّات	مرشّح	تُحدَّد
مص-٣٢٠	اللسانيات الحديثة	أ	Roy Lyster and Leila Ranta	1997	Corrective Feedback and Learner Uptake	Studies in Second Language Acquisition 19(1): 37-66, 1997	Crossref 10.1017/s0272263197001034	التصحيح الشفهي	م٤ التمكين	مرشّح	طوبقت على Crossref
مص-٣٢١	اللسانيات الحديثة	أ	Rod Ellis	2003	Task-based Language Learning and Teaching	أول نشر 2003	Open Library /works/OL15204241W	التعليم بالمهام	م٣ المنصّات، م٤ التمكين	مرشّح	تُطابق على صفحة العنوان
مص-٣٢٢	اللسانيات الحديثة	أ	Jane Willis	1996	A Framework for Task-Based Learning	أول نشر 1996	Open Library /works/OL19611532W	التعليم بالمهام	م٣ المنصّات، م٤ التمكين	للبحث	تُطابق على صفحة العنوان
مص-٣٢٣	اللسانيات الحديثة	ب	Penny Ur	2012	A Course in English Language Teaching	أول نشر 2012	Open Library /works/OL16474744W	مدخلٌ تطبيقي للتدريس	م٤ التمكين	للبحث	تُطابق على صفحة العنوان
مص-٣٢٤	اللسانيات الحديثة	ب	Jeremy Harmer	2015	The Practice of English Language Teaching	أول نشر 1983	Open Library /works/OL4480543W	مدخلٌ تطبيقي للتدريس	م٤ التمكين	للبحث	تُطابق على صفحة العنوان
مص-٣٢٥	اللسانيات الحديثة	أ	Karin C. Ryding	2013	Teaching and Learning Arabic as a Foreign Language: A Guide for Teachers	أول نشر 2013	Open Library /works/OL17408421W	تعليم العربية لغير أهلها	الافتتاحية، م٤ التمكين	مرشّح	تُطابق على صفحة العنوان
مص-٣٢٦	اللسانيات الحديثة	أ	Mahmoud Al-Batal (ed.)	2018	Arabic as One Language: Integrating Dialect in the Arabic Language Curriculum	تُحدَّد		الفصحى والعامية في المنهج	الافتتاحية	مرشّح	تُحدَّد
مص-٣٢٧	اللسانيات الحديثة	أ	Kassem M. Wahba, Zeinab A. Taha, Liz England (eds.)	2006	Handbook for Arabic Language Teaching Professionals in the 21st Century	أول نشر 2013	Open Library /works/OL21275099W	تعليم العربية	م٤ التمكين	مرشّح	تُطابق على صفحة العنوان
مص-٣٢٨	اللسانيات الحديثة	أ	Munther Younes	2015	The Integrated Approach to Arabic Instruction	أول نشر 2014	Open Library /works/OL20347923W	المنهج المتكامل	الافتتاحية	مرشّح	تُطابق على صفحة العنوان
مص-٣٢٩	اللسانيات الحديثة	ب	Kristen Brustad, Mahmoud Al-Batal, Abbas Al-Tonsi	2011	Al-Kitaab fii Ta'allum al-'Arabiyya	أول نشر 2011	Open Library /works/OL15521580W	كتابٌ تعليمي للمقارنة	م٤ التمكين	للبحث	تُطابق على صفحة العنوان
مص-٣٣٠	اللسانيات الحديثة	أ	Karin C. Ryding	2005	A Reference Grammar of Modern Standard Arabic	أول نشر 2005	Open Library /works/OL3931703W	نحو العربية المعاصرة	م١ التأسيس	للبحث	تُطابق على صفحة العنوان
مص-٣٣١	اللسانيات الحديثة	أ	El-Said Badawi, Michael G. Carter, Adrian Gully	2004	Modern Written Arabic: A Comprehensive Grammar	أول نشر	Open Library /works/OL13622407W	نحو العربية المكتوبة المعاصرة	م١ التأسيس	للبحث	تُطابق على صفحة العنوان
مص-٣٣٢	اللسانيات الحديثة	أ	Clive Holes	2004	Modern Arabic: Structures, Functions, and Varieties	تُحدَّد		العربية المعاصرة ومستوياتها	الافتتاحية	مرشّح	تُحدَّد
مص-٣٣٣	اللسانيات الحديثة	أ	Kees Versteegh	2014	The Arabic Language	أول نشر 1997	Open Library /works/OL8093095W	تاريخ العربية وتنوّعها	الافتتاحية	مرشّح	تُطابق على صفحة العنوان
مص-٣٣٤	اللسانيات الحديثة	أ	Janet C. E. Watson	2002	The Phonology and Morphology of Arabic	أول نشر 2002	Open Library /works/OL2938394W	أصوات العربية وصرفها	م١ التأسيس	مرشّح	تُطابق على صفحة العنوان
مص-٣٣٥	اللسانيات الحديثة	أ	Charles A. Ferguson	1959	Diglossia	&lt;i&gt;WORD&lt;/i&gt; 15(2): 325-340, 1959	Crossref 10.1080/00437956.1959.11659702	الازدواجية	الافتتاحية	مستعمَل في الافتتاحية	طوبقت على Crossref
مص-٣٣٦	اللسانيات الحديثة	أ	السعيد محمد بدوي	١٤٣٥	مستويات العربية المعاصرة في مصر	أول نشر 1973	Open Library /works/OL13281811W	مستويات العربية	الافتتاحية	مستعمَل في الافتتاحية	تُطابق على صفحة العنوان
مص-٣٣٧	اللسانيات الحديثة	أ	Reem Bassiouney	2009	Arabic Sociolinguistics	أول نشر 2009	Open Library /works/OL19642859W	اللسانيات الاجتماعية العربية	الافتتاحية	مرشّح	تُطابق على صفحة العنوان
مص-٣٣٨	اللسانيات الحديثة	أ	Haim Blanc	1960	Stylistic Variations in Spoken Arabic: A Sample of Interdialectal Educated Conversation	تُحدَّد	—	العربية المنطوقة للمتعلّمين	الافتتاحية	للبحث	تُحدَّد
مص-٣٣٩	اللسانيات الحديثة	أ	T. F. Mitchell	1986	What Is Educated Spoken Arabic?	ijsl 1986(61): 7-32, 1986	Crossref 10.1515/ijsl.1986.61.7	عربية المثقفين المنطوقة	الافتتاحية	مرشّح	طوبقت على Crossref
مص-٣٤٠	اللسانيات الحديثة	أ	Clive Holes	1987	Language Variation and Change in a Modernising Arab State: The Case of Bahrain	تُحدَّد		التنوّع اللغوي	الافتتاحية	للبحث	تُحدَّد
مص-٣٤١	اللسانيات الحديثة	أ	William Labov	1972	Sociolinguistic Patterns	أول نشر 1973	Open Library /works/OL4342744W	التنوّع والسياق الاجتماعي	الافتتاحية	للبحث	تُطابق على صفحة العنوان
مص-٣٤٢	اللسانيات الحديثة	أ	John J. Gumperz	1982	Discourse Strategies	أول نشر 2009	Open Library /works/OL25658340W	إشارات السياق في التفاعل	م٢ التواصل	للبحث	تُطابق على صفحة العنوان
مص-٣٤٣	اللسانيات الحديثة	أ	Dell Hymes	1972	On Communicative Competence	تُحدَّد	—	الكفاية التواصلية	الافتتاحية	مستعمَل في الافتتاحية	تُحدَّد
مص-٣٤٤	اللسانيات الحديثة	أ	Michael Canale and Merrill Swain	1980	Theoretical Bases of Communicative Approaches to Second Language Teaching and Testing	Applied Linguistics I(1): 1-47, 1980	Crossref 10.1093/applin/i.1.1	مكوّنات الكفاية التواصلية	الافتتاحية، م٤ التمكين	مرشّح	طوبقت على Crossref
مص-٣٤٥	اللسانيات الحديثة	أ	J. L. Austin	1962	How to Do Things with Words	أول نشر 1962	Open Library /works/OL6408872W	أفعال الكلام	م٢ التواصل	مرشّح	تُطابق على صفحة العنوان
مص-٣٤٦	اللسانيات الحديثة	أ	John R. Searle	1969	Speech Acts: An Essay in the Philosophy of Language	تُحدَّد		أفعال الكلام	م٢ التواصل	مرشّح	تُحدَّد
مص-٣٤٧	اللسانيات الحديثة	أ	H. P. Grice	1975	Logic and Conversation	تُحدَّد	—	مبدأ التعاون	م٢ التواصل	مرشّح	تُحدَّد
مص-٣٤٨	اللسانيات الحديثة	أ	Penelope Brown and Stephen C. Levinson	1987	Politeness: Some Universals in Language Usage	تُحدَّد		التأدّب في الخطاب	م٢ التواصل	مرشّح	تُحدَّد
مص-٣٤٩	اللسانيات الحديثة	أ	Geoffrey Leech	1983	Principles of Pragmatics	أول نشر 1983	Open Library /works/OL3957440W	مبادئ التداولية	م٢ التواصل	للبحث	تُطابق على صفحة العنوان
مص-٣٥٠	اللسانيات الحديثة	أ	Stephen C. Levinson	1983	Pragmatics	أول نشر 1983	Open Library /works/OL491031W	التداولية	م٢ التواصل	للبحث	تُطابق على صفحة العنوان
مص-٣٥١	اللسانيات الحديثة	أ	Jenny Thomas	1983	Cross-Cultural Pragmatic Failure	Applied Linguistics 4(2): 91-112, 1983	Crossref 10.1093/applin/4.2.91	الإخفاق التداولي	م٢ التواصل، م٤ التمكين	مرشّح	طوبقت على Crossref
مص-٣٥٢	اللسانيات الحديثة	أ	Gabriele Kasper and Kenneth R. Rose	2002	Pragmatic Development in a Second Language	أول نشر 2003	Open Library /works/OL13613022W	اكتساب التداولية	م٢ التواصل	مرشّح	تُطابق على صفحة العنوان
مص-٣٥٣	اللسانيات الحديثة	أ	Shoshana Blum-Kulka, Juliane House, Gabriele Kasper (eds.)	1989	Cross-Cultural Pragmatics: Requests and Apologies	تُحدَّد		الطلب والاعتذار عبر الثقافات	م٢ التواصل	مرشّح	تُحدَّد
مص-٣٥٤	اللسانيات الحديثة	أ	Gillian Brown and George Yule	1983	Discourse Analysis	أول نشر 1983	Open Library /works/OL3527787W	تحليل الخطاب	م٣ المنصّات	للبحث	تُطابق على صفحة العنوان
مص-٣٥٥	اللسانيات الحديثة	أ	Deborah Schiffrin	1987	Discourse Markers	أول نشر 1987	Open Library /works/OL3916894W	أدوات الخطاب	م٢ التواصل، م٣ المنصّات	مرشّح	تُطابق على صفحة العنوان
مص-٣٥٦	اللسانيات الحديثة	أ	M. A. K. Halliday and Ruqaiya Hasan	1976	Cohesion in English	أول نشر 1976	Open Library /works/OL166820W	الاتساق	م٣ المنصّات	للبحث	تُطابق على صفحة العنوان
مص-٣٥٧	اللسانيات الحديثة	ب	مسعود صحراوي		التداولية عند العلماء العرب	تُحدَّد	—	التداولية في التراث	الافتتاحية، م٢ التواصل	مرشّح	تُحدَّد
مص-٣٥٨	اللسانيات الحديثة	أ	Harvey Sacks, Emanuel A. Schegloff, Gail Jefferson	1974	A Simplest Systematics for the Organization of Turn-Taking for Conversation	Language 50(4): 696-735, 1974	Crossref 10.2307/412243	تناوب الأدوار في الحوار	م٢ التواصل	مرشّح	طوبقت على Crossref
مص-٣٥٩	اللسانيات الحديثة	أ	Emanuel A. Schegloff	2007	Sequence Organization in Interaction	أول نشر 2007	Open Library /works/OL8324082W	بنية التفاعل	م٢ التواصل	للبحث	تُطابق على صفحة العنوان
مص-٣٦٠	اللسانيات الحديثة	أ	Jack Sidnell	2010	Conversation Analysis: An Introduction	تُحدَّد		تحليل المحادثة	م٢ التواصل	مرشّح	تُحدَّد
مص-٣٦١	اللسانيات الحديثة	أ	Erving Goffman	1967	Interaction Ritual: Essays on Face-to-Face Behavior	تُحدَّد		ماء الوجه والتفاعل	م٢ التواصل	للبحث	تُحدَّد
مص-٣٦٢	اللسانيات الحديثة	أ	Deborah Tannen	1989	Talking Voices: Repetition, Dialogue, and Imagery in Conversational Discourse	أول نشر 2007	Open Library /works/OL8865307W	التكرار والحوار في المحادثة	م٢ التواصل	للبحث	تُطابق على صفحة العنوان
مص-٣٦٣	اللسانيات الحديثة	أ	Douglas Biber et al.	1999	Longman Grammar of Spoken and Written English	أول نشر 1999	Open Library /works/OL18286865W	نحو المنطوق	م٢ التواصل	للبحث	تُطابق على صفحة العنوان
مص-٣٦٤	اللسانيات الحديثة	أ	Ronald Carter and Michael McCarthy	2006	Cambridge Grammar of English	أول نشر 2006	Open Library /works/OL1863941W	نحو المنطوق	م٢ التواصل	للبحث	تُطابق على صفحة العنوان
مص-٣٦٥	اللسانيات الحديثة	أ	إبراهيم أنيس	١٣٩٧	الأصوات اللغوية	تُحدَّد	—	أصوات العربية	م١ التأسيس	مرشّح	تُحدَّد
مص-٣٦٦	اللسانيات الحديثة	أ	كمال بشر	١٤٣٦	علم الأصوات	تُحدَّد	—	أصوات العربية	م١ التأسيس	مرشّح	تُحدَّد
مص-٣٦٧	اللسانيات الحديثة	أ	Peter Ladefoged and Keith Johnson	2014	A Course in Phonetics	أول نشر 1975	Open Library /works/OL3529561W	علم الأصوات العام	م١ التأسيس	للبحث	تُطابق على صفحة العنوان
مص-٣٦٨	اللسانيات الحديثة	أ	Tracey M. Derwing and Murray J. Munro	2015	Pronunciation Fundamentals: Evidence-Based Perspectives for L2 Teaching and Research	تُحدَّد		تعليم النطق	م١ التأسيس	مرشّح	تُحدَّد
مص-٣٦٩	اللسانيات الحديثة	أ	Murray J. Munro and Tracey M. Derwing	1995	Foreign Accent, Comprehensibility, and Intelligibility in the Speech of Second Language Learners	Language Learning 45(1): 73-97, 1995	Crossref 10.1111/j.1467-1770.1995.tb00963.x	الوضوح والمفهومية	م١ التأسيس	مرشّح	طوبقت على Crossref
مص-٣٧٠	اللسانيات الحديثة	أ	John M. Levis	2018	Intelligibility, Oral Communication, and the Teaching of Pronunciation	أول نشر 2018	Open Library /works/OL20591718W	المفهومية وتعليم النطق	م١ التأسيس	مرشّح	تُطابق على صفحة العنوان
مص-٣٧١	اللسانيات الحديثة	أ	Alan Cruttenden	1997	Intonation	أول نشر 1986	Open Library /works/OL3352564W	التنغيم	م١ التأسيس	مرشّح	تُطابق على صفحة العنوان
مص-٣٧٢	اللسانيات الحديثة	أ	Ann Wennerstrom	2001	The Music of Everyday Speech: Prosody and Discourse Analysis	تُحدَّد		التنغيم والخطاب	م١ التأسيس، م٣ المنصّات	مرشّح	تُحدَّد
مص-٣٧٣	اللسانيات الحديثة	أ	Willem J. M. Levelt	1989	Speaking: From Intention to Articulation	تُحدَّد		إنتاج الكلام	الافتتاحية، م١ التأسيس	مرشّح	تُحدَّد
مص-٣٧٤	اللسانيات الحديثة	أ	Judit Kormos	2006	Speech Production and Second Language Acquisition	أول نشر 2005	Open Library /works/OL5850036W	إنتاج الكلام في اللغة الثانية	الافتتاحية، م١ التأسيس	مرشّح	تُطابق على صفحة العنوان
مص-٣٧٥	اللسانيات الحديثة	أ	ACTFL	2012	ACTFL Proficiency Guidelines 2012	تُحدَّد	—	مستويات الكفاية الشفهية	م٤ التمكين	مرشّح	تُحدَّد
مص-٣٧٦	اللسانيات الحديثة	أ	Council of Europe	2001	Common European Framework of Reference for Languages: Learning, Teaching, Assessment	تُحدَّد		مستويات الكفاية ومقاييسها	م٤ التمكين	مرشّح	تُحدَّد
مص-٣٧٧	اللسانيات الحديثة	أ	Council of Europe	2020	Common European Framework of Reference for Languages: Companion Volume	تُحدَّد	—	واصفات الكلام والتفاعل	م٤ التمكين	مرشّح	تُحدَّد
مص-٣٧٨	اللسانيات الحديثة	أ	Sari Luoma	2004	Assessing Speaking	أول نشر 2004	Open Library /works/OL8327005W	تقييم الكلام	م٤ التمكين	مرشّح	تُطابق على صفحة العنوان
مص-٣٧٩	اللسانيات الحديثة	أ	Glenn Fulcher	2003	Testing Second Language Speaking	أول نشر 2003	Open Library /works/OL9287181W	اختبار الكلام	م٤ التمكين	مرشّح	تُطابق على صفحة العنوان
مص-٣٨٠	اللسانيات الحديثة	أ	Lyle F. Bachman	1990	Fundamental Considerations in Language Testing	أول نشر 1988	Open Library /works/OL5477107W	أسس الاختبار اللغوي	م٤ التمكين	للبحث	تُطابق على صفحة العنوان
مص-٣٨١	اللسانيات الحديثة	أ	Lyle F. Bachman and Adrian S. Palmer	2010	Language Assessment in Practice	تُحدَّد		التقييم في التطبيق	م٤ التمكين	مرشّح	تُحدَّد
مص-٣٨٢	اللسانيات الحديثة	ب	Arthur Hughes	2003	Testing for Language Teachers	أول نشر 1989	Open Library /works/OL3256584W	الاختبار للمعلّمين	م٤ التمكين	للبحث	تُطابق على صفحة العنوان
مص-٣٨٣	اللسانيات الحديثة	أ	تمام حسان	١٤٣٢	مناهج البحث في اللغة	مكتبة الأنجلو المصرية	بطاقة المكتبة الشاملة 11540	مناهج الدرس اللغوي	الافتتاحية	للبحث	تُطابق على صفحة العنوان
مص-٣٨٤	اللسانيات الحديثة	ب	محمود فهمي حجازي		مدخل إلى علم اللغة	تُحدَّد	—	مدخل إلى اللسانيات	الافتتاحية	للبحث	تُحدَّد
مص-٣٨٥	اللسانيات الحديثة	أ	أحمد مختار عمر	١٤٢٤	علم الدلالة	تُحدَّد	—	الدلالة	م٢ التواصل	مرشّح	تُحدَّد
مص-٣٨٦	اللسانيات الحديثة	أ	نهاد الموسى		الثنائيات في قضايا اللغة العربية من عصر النهضة إلى عصر العولمة	تُحدَّد	—	الفصحى والعامية وقضايا التعليم	الافتتاحية	مرشّح	تُحدَّد
مص-٣٨٧	اللسانيات الحديثة	أ	عبد الرحمن الحاج صالح	١٤٣٨	بحوث ودراسات في اللسانيات العربية	تُحدَّد	—	النظرية الخليلية الحديثة والملكة	الافتتاحية	مرشّح	تُحدَّد
