الممر	النطاق	الموجود	المؤكَّد	المردود	غير المحسوم	المطبَّق	المحال إلى المؤلف أو المحرر	ملاحظة
١ سلامة النص	المخطوط كله (٤٤ مقطعًا في ثلاث مجموعات)	90	75	11	4	ضمن ١–٦	37	مطابقة النقول على السجل ونص القرآن على مطابقة-القرآن.json
٢ التحقيق العلمي	المخطوط كله	247	194	30	23	ضمن ١–٦	92	لا مصدر يُخترع؛ ما لم يثبت على المطبوع أُحيل
٢ب التمييز بين الأصوات	المخطوط كله	66	42	21	3	ضمن ١–٦	17	استنباط المؤلف المعروض كأنه نقل
٢ج وظيفة الحاشية	المخطوط كله	57	36	18	3	ضمن ١–٦	13	
٤أ المصطلح داخل المقطع	المخطوط كله	96	70	25	1	ضمن ١–٦	9	
٥ التربية	المخطوط كله	476	375	72	29	ضمن ١–٦	81	
٦ العربية	نثر المؤلف (لا النقول ولا أمثلة الخطأ)	737	618	108	11	ضمن ١–٦	86	
١–٦ مجتمعةً	المخطوط كله	1769	1410	285	74	863	340	المطبَّق في سجل-التصحيحات-البنيوية.tsv؛ والمحال في المحال-إلى-المحرر-من-التدقيق.tsv (وفيه ٥ صفوف بلا ممر)؛ والحكم بالمؤكَّد والمردود من محقّقٍ مخالفٍ يميل إلى الرد عند الشك
٣ الإحالات	السلسلة (pdf/xrefs.py)	3242 إحالة	44 خللًا	—	0	44	0	عند الإغلاق: 3187 سليمة، 53 مقروءة، 2 للقارئ (صحيحتان عند القراءة)، 0 مخفقة؛ وأُضيفت إلى READINGS قراءاتٌ ليست إحالات (الطرق في المجلد الخامس، أقسام الفصل في المجلد الثامن، معرّف عيّنة في المجلد الحادي عشر)
٤ب المصطلح على السلسلة	السلسلة (pdf/termaudit.py)	80	16 عيبًا	—	—	سجل الإحالة	16	اختيار المصطلح للمؤلف: قرارات-المؤلف-من-التدقيق.md
٧ الحرف	النسخ النهائية الإحدى عشرة	30	27	3	0	27 في الأدوات	0	المتن والحاشية والنصوص المقدسة والبنية؛ ومنها نصٌّ سقط من الصفحة ١٥٠ في المجلد الأول فأُعيد. وفي القرآن: ست آياتٍ داخل نقولٍ متحقَّقة حُوّلت إلى الرسم العثماني خطأً ثم رُدّت (log-quran-revert)، وبقيت النساء ٨٦ في المجلد الحادي عشر، واستُثنيت الحواشي في quran.py
٨ التركيب	النسخ النهائية الإحدى عشرة	نحو 130 فراغًا أبيض	نحو 130	—	—	في الأدوات	0	الحواشي (FOOTNOTE_FIX)، والجداول تنكسر بين صفوفها، ومقدّمات القوائم، وحفظ العناوين؛ وثلاث بوّابات جديدة في preflight.py: الفراغ فوق الحواشي، والحاشية مطبوعة مرة واحدة، والحاشية تبدأ في صفحة إحالتها (الدليل ٨٦)
٩ النظام البصري	النسخ النهائية الإحدى عشرة	12	10	2	0	10 في الأدوات	0	pdf/events.py: ٢٢ حدثًا لونيًّا بلا مشكلة؛ والياقوتي للقرآن وحده، والقرمزي للخطأ والخطر
١٠ ما قبل الطباعة	النسخ النهائية الإحدى عشرة	0	0	—	—	—	0	١٧٠×٢٤٠ مم، الحروف مضمّنة، لا Type3، العلامات والبيانات الوصفية حاضرة؛ رقميٌّ أولًا بلا نزف
١١ القراءة البشرية	٢٤ صفحة متقابلة؛ ثلاثة قرّاء (طالب وقارئ عام، عالِم، معلّم)	تقارير نثرية	—	—	—	3 في النص + إصلاح أداة الحواشي	7	ما يطلب مصدرًا مطبوعًا أو حكم المؤلف في قرارات-المؤلف-من-التدقيق.md
