الملف الحالي	المجلد	اسم المجلد أو الوجهة	الوحدة في السلسلة	المستوى	ملاحظة
الافتتاحية/01-تمهيد.md	1	الأصول	الافتتاحية		
الافتتاحية/02-الإنسان-والبيان.md	1	الأصول	الافتتاحية		
الافتتاحية/03-القول-في-القرآن.md	1	الأصول	الافتتاحية		
الافتتاحية/04-الكلام-في-السنة.md	1	الأصول	الافتتاحية		
الافتتاحية/05-البيان-عند-علماء-العربية.md	1	الأصول	الافتتاحية		
الافتتاحية/06-منزلة-العربية.md	1	الأصول	الافتتاحية		
الافتتاحية/07-العربية-والوحي.md	1	الأصول	الافتتاحية		
الافتتاحية/08-من-المعرفة-إلى-الملكة.md	1	الأصول	الافتتاحية		
الافتتاحية/09-ما-رأيته.md	1	الأصول	الافتتاحية		
الافتتاحية/10-من-يعرف-العربية-ولا-يتكلم-بها.md	1	الأصول	الافتتاحية		
الافتتاحية/11-اعتراضات-وأجوبة.md	1	الأصول	الافتتاحية		
الافتتاحية/12-تصورات-تحتاج-إلى-تصحيح.md	1	الأصول	الافتتاحية		
الافتتاحية/13-لماذا-صناعة.md	1	الأصول	الافتتاحية		
الافتتاحية/14-أي-عربية-نتكلم.md	1	الأصول	الافتتاحية		
الافتتاحية/15-المفاهيم-الخمسة.md	1	الأصول	الافتتاحية		
الافتتاحية/16-علوم-العربية-وطريق-التكوين.md	1	الأصول	الافتتاحية		
الافتتاحية/17-ما-يريد-الكتاب-أن-يصنع.md	1	الأصول	الافتتاحية		
الافتتاحية/18-كيف-تقرأ-المجلدات-وعهد-المؤلف.md	1	الأصول	الافتتاحية		
الافتتاحية/90-ملحق-التحقيق.md	1	الأصول	الافتتاحية		
الافتتاحية/91-ثبت-المصادر.md	1	الأصول	الافتتاحية		
المدخل/ف01-العربية-ومستوياتها.md	1	الأصول	المدخل		
الجزء-الأول/الباب-الأول/00-فاتحة-الباب-الأول.md	1	الأصول	الباب الأول	1	المستوى كان 0
الجزء-الأول/الباب-الأول/ف01-أ-المدخل-والدرس-الأول.md	1	الأصول	الباب الأول	1	المستوى كان 0
الجزء-الأول/الباب-الأول/ف01-ب-الدرس-الثاني.md	1	الأصول	الباب الأول	1	المستوى كان 0
الجزء-الأول/الباب-الأول/ف01-ج-التطبيق-والتقويم.md	1	الأصول	الباب الأول	1	المستوى كان 0
الجزء-الأول/الباب-الأول/ف02-أ-المدخل-والدرس-الأول.md	1	الأصول	الباب الأول	1	المستوى كان 0
الجزء-الأول/الباب-الأول/ف02-ب-الدرس-الثاني.md	1	الأصول	الباب الأول	1	المستوى كان 0
الجزء-الأول/الباب-الأول/ف02-ج-التطبيق-والتقويم.md	1	الأصول	الباب الأول	1	المستوى كان 0
الجزء-الأول/الباب-الأول/ف03-أ-المفاهيم-والدرس.md	1	الأصول	الباب الأول	1	المستوى كان 0
الجزء-الأول/الباب-الأول/ف03-ب-التطبيق-والتقويم.md	1	الأصول	الباب الأول	1	المستوى كان 0
الجزء-الأول/الباب-الأول/ف04-أ-المدخل-ومقتضى-الحال.md	1	الأصول	الباب الأول	1	المستوى كان 0
الجزء-الأول/الباب-الأول/ف04-ب-الدرس-الثاني.md	1	الأصول	الباب الأول	1	المستوى كان 0
الجزء-الأول/الباب-الأول/ف04-ج-التطبيق-والتقويم.md	1	الأصول	الباب الأول	1	المستوى كان 0
الجزء-الأول/الباب-الأول/ف05-أ-المدخل-والدرس.md	1	الأصول	الباب الأول	1	المستوى كان 0
الجزء-الأول/الباب-الأول/ف05-ب-التطبيق-والتقويم.md	1	الأصول	الباب الأول	1	المستوى كان 0
الجزء-الأول/الباب-الأول/ف06-أ-المدخل-والدرس.md	1	الأصول	الباب الأول	1	المستوى كان 0
الجزء-الأول/الباب-الأول/ف06-ب-البرنامج-والتطبيق.md	1	الأصول	الباب الأول	1	المستوى كان 0
الجزء-الأول/الباب-الثاني/00-فاتحة-الباب-الثاني.md	2	اللسان	الباب الثاني	2	المستوى كان 1
الجزء-الأول/الباب-الثاني/ف01-أ-المدخل-والمخارج.md	2	اللسان	الباب الثاني	2	المستوى كان 1
الجزء-الأول/الباب-الثاني/ف01-ب-التطبيق-والتقويم.md	2	اللسان	الباب الثاني	2	المستوى كان 1
الجزء-الأول/الباب-الثاني/ف02-أ-المدخل-والصفات.md	2	اللسان	الباب الثاني	2	المستوى كان 1
الجزء-الأول/الباب-الثاني/ف02-ب-التطبيق-والتقويم.md	2	اللسان	الباب الثاني	2	المستوى كان 1
الجزء-الأول/الباب-الثاني/ف03-أ-المدخل-والأصوات-الخمسة.md	2	اللسان	الباب الثاني	2	المستوى كان 1
الجزء-الأول/الباب-الثاني/ف03-ب-الدرس-الثاني-والأزواج.md	2	اللسان	الباب الثاني	2	المستوى كان 1
الجزء-الأول/الباب-الثاني/ف03-ج-التطبيق-والتقويم.md	2	اللسان	الباب الثاني	2	المستوى كان 1
الجزء-الأول/الباب-الثاني/ف04-أ-المدخل-والأزواج.md	2	اللسان	الباب الثاني	2	المستوى كان 1
الجزء-الأول/الباب-الثاني/ف04-ب-التطبيق-والتقويم.md	2	اللسان	الباب الثاني	2	المستوى كان 1
الجزء-الأول/الباب-الثاني/ف05-أ-المدخل-وأصوات-الحلق.md	2	اللسان	الباب الثاني	2	المستوى كان 1
الجزء-الأول/الباب-الثاني/ف05-ب-الدرس-الثاني-والأزواج.md	2	اللسان	الباب الثاني	2	المستوى كان 1
الجزء-الأول/الباب-الثاني/ف05-ج-التطبيق-والتقويم.md	2	اللسان	الباب الثاني	2	المستوى كان 1
الجزء-الأول/الباب-الثاني/ف06-أ-المدخل-وحروف-الذلاقة.md	2	اللسان	الباب الثاني	2	المستوى كان 1
الجزء-الأول/الباب-الثاني/ف06-ب-التطبيق-والتقويم.md	2	اللسان	الباب الثاني	2	المستوى كان 1
الجزء-الأول/الباب-الثاني/ف07-أ-المدخل-والدرسان.md	2	اللسان	الباب الثاني	2	المستوى كان 1
الجزء-الأول/الباب-الثاني/ف07-ب-التطبيق-والتقويم.md	2	اللسان	الباب الثاني	2	المستوى كان 1
الجزء-الأول/الباب-الثاني/ف08-أ-المدخل-والدرسان.md	2	اللسان	الباب الثاني	2	المستوى كان 1
الجزء-الأول/الباب-الثاني/ف08-ب-التطبيق-والتقويم.md	2	اللسان	الباب الثاني	2	المستوى كان 1
الجزء-الأول/الباب-الثاني/ف09-أ-المدخل-والدرسان.md	2	اللسان	الباب الثاني	2	المستوى كان 1
الجزء-الأول/الباب-الثاني/ف09-ب-التطبيق-والتقويم.md	2	اللسان	الباب الثاني	2	المستوى كان 1
الجزء-الأول/الباب-الثاني/ف10-أ-المدخل-والدرسان.md	2	اللسان	الباب الثاني	2	المستوى كان 1
الجزء-الأول/الباب-الثاني/ف10-ب-التطبيق-والتقويم.md	2	اللسان	الباب الثاني	2	المستوى كان 1
الجزء-الأول/الباب-الثاني/ف11-أ-المدخل-والدرسان.md	2	اللسان	الباب الثاني	2	المستوى كان 1
الجزء-الأول/الباب-الثاني/ف11-ب-التطبيق-والتقويم.md	2	اللسان	الباب الثاني	2	المستوى كان 1
الجزء-الأول/الباب-الثاني/ف12-أ-المدخل-والدرسان.md	2	اللسان	الباب الثاني	2	المستوى كان 1
الجزء-الأول/الباب-الثاني/ف12-ب-التطبيق-والتقويم.md	2	اللسان	الباب الثاني	2	المستوى كان 1
الملاحق/ملحق-و-برنامج-النطق-٢.md	2	اللسان	ملحق و: برنامج النطق اليومي في ثلاثين يومًا		ينتقل من الملاحق إلى آخر الباب الثاني
الملاحق/ملحق-و-برنامج-النطق.md	2	اللسان	ملحق و: برنامج النطق اليومي في ثلاثين يومًا		ينتقل من الملاحق إلى آخر الباب الثاني
الجزء-الأول/الباب-الثالث/00-فاتحة-الباب-الثالث.md	3	العبارة	الباب الثالث	3	المستوى كان 2
الجزء-الأول/الباب-الثالث/ف01-أ-الاسمية-والفعلية.md	3	العبارة	الباب الثالث	3	المستوى كان 2
الجزء-الأول/الباب-الثالث/ف01-ب-التطبيق-والتقويم.md	3	العبارة	الباب الثالث	3	المستوى كان 2
الجزء-الأول/الباب-الثالث/ف02-أ-المطابقة.md	3	العبارة	الباب الثالث	3	المستوى كان 2
الجزء-الأول/الباب-الثالث/ف02-ب-الإعراب-والنواسخ.md	3	العبارة	الباب الثالث	3	المستوى كان 2
الجزء-الأول/الباب-الثالث/ف02-ج-التطبيق-والتقويم.md	3	العبارة	الباب الثالث	3	المستوى كان 2
الجزء-الأول/الباب-الثالث/ف03-أ-الأوزان-والمصادر.md	3	العبارة	الباب الثالث	3	المستوى كان 2
الجزء-الأول/الباب-الثالث/ف03-ب-النسبة-والجموع-والمعتل.md	3	العبارة	الباب الثالث	3	المستوى كان 2
الجزء-الأول/الباب-الثالث/ف04-أ-التذكير-والتأنيث-والعدد.md	3	العبارة	الباب الثالث	3	المستوى كان 2
الجزء-الأول/الباب-الثالث/ف04-ب-الإضافة.md	3	العبارة	الباب الثالث	3	المستوى كان 2
الجزء-الأول/الباب-الثالث/ف05-أ-الأفعال-وحروف-الجر.md	3	العبارة	الباب الثالث	3	المستوى كان 2
الجزء-الأول/الباب-الثالث/ف05-ب-الضمير-والتعبيرات-والأزمنة.md	3	العبارة	الباب الثالث	3	المستوى كان 2
الجزء-الأول/الباب-الثالث/ف05-ج-التطبيق-والتقويم.md	3	العبارة	الباب الثالث	3	المستوى كان 2
الجزء-الأول/الباب-الثالث/ف06-أ-أثر-اللغات-المحلية.md	3	العبارة	الباب الثالث	3	المستوى كان 2
الجزء-الأول/الباب-الثالث/ف06-ب-المخاطبة-والتحية-والتطبيق.md	3	العبارة	الباب الثالث	3	المستوى كان 2
الجزء-الأول/الباب-الثالث/ف07-أ-الحشو-الصوتي.md	3	العبارة	الباب الثالث	3	المستوى كان 2
الجزء-الأول/الباب-الثالث/ف07-ب-التكرار-والغموض.md	3	العبارة	الباب الثالث	3	المستوى كان 2
الجزء-الأول/الباب-الثالث/ف07-ج-التطبيق-والتقويم.md	3	العبارة	الباب الثالث	3	المستوى كان 2
الجزء-الأول/الباب-الثالث/ف08-أ-الفصيح-المأنوس.md	3	العبارة	الباب الثالث	3	المستوى كان 2
الجزء-الأول/الباب-الثالث/ف08-ب-الدقة-والإيحاء-والسجل.md	3	العبارة	الباب الثالث	3	المستوى كان 2
الجزء-الأول/الباب-الثالث/ف08-ج-التطبيق-والتقويم.md	3	العبارة	الباب الثالث	3	المستوى كان 2
الجزء-الأول/الباب-الثالث/ف09-أ-متى-توجز.md	3	العبارة	الباب الثالث	3	المستوى كان 2
الجزء-الأول/الباب-الثالث/ف09-ب-متى-تطيل.md	3	العبارة	الباب الثالث	3	المستوى كان 2
الجزء-الثاني/الباب-الرابع/00-فاتحة-الباب-الرابع.md	4	البيان	الباب الرابع	4	المستوى كان 3
الجزء-الثاني/الباب-الرابع/ف01-أ-المدخل-والدرس-الأول.md	4	البيان	الباب الرابع	4	المستوى كان 3
الجزء-الثاني/الباب-الرابع/ف01-ب-الدرس-الثاني.md	4	البيان	الباب الرابع	4	المستوى كان 3
الجزء-الثاني/الباب-الرابع/ف01-ج-التطبيق-والتقويم.md	4	البيان	الباب الرابع	4	المستوى كان 3
الجزء-الثاني/الباب-الرابع/ف02-أ-المدخل-والدرس-الأول.md	4	البيان	الباب الرابع	4	المستوى كان 3
الجزء-الثاني/الباب-الرابع/ف02-ب-الدرس-الثاني.md	4	البيان	الباب الرابع	4	المستوى كان 3
الجزء-الثاني/الباب-الرابع/ف02-ج-التطبيق-والتقويم.md	4	البيان	الباب الرابع	4	المستوى كان 3
الجزء-الثاني/الباب-الرابع/ف03-أ-فن-الافتتاح.md	4	البيان	الباب الرابع	4	المستوى كان 3
الجزء-الثاني/الباب-الرابع/ف03-ب-فن-الافتتاح.md	4	البيان	الباب الرابع	4	المستوى كان 3
الجزء-الثاني/الباب-الرابع/ف03-ج-التطبيق-والتقويم.md	4	البيان	الباب الرابع	4	المستوى كان 3
الجزء-الثاني/الباب-الرابع/ف04-أ-فن-التعريف-بالنفس.md	4	البيان	الباب الرابع	4	المستوى كان 3
الجزء-الثاني/الباب-الرابع/ف04-ب-فن-التعريف-بالنفس.md	4	البيان	الباب الرابع	4	المستوى كان 3
الجزء-الثاني/الباب-الرابع/ف04-ج-التطبيق-والتقويم.md	4	البيان	الباب الرابع	4	المستوى كان 3
الجزء-الثاني/الباب-الرابع/ف05-أ-فن-الانتقال.md	4	البيان	الباب الرابع	4	المستوى كان 3
الجزء-الثاني/الباب-الرابع/ف05-ب-التطبيق-والتقويم.md	4	البيان	الباب الرابع	4	المستوى كان 3
الجزء-الثاني/الباب-الرابع/ف06-أ-فن-الخاتمة.md	4	البيان	الباب الرابع	4	المستوى كان 3
الجزء-الثاني/الباب-الرابع/ف06-ب-خواتيم-المقامات.md	4	البيان	الباب الرابع	4	المستوى كان 3
الجزء-الثاني/الباب-الرابع/ف06-ج-التطبيق-والتقويم.md	4	البيان	الباب الرابع	4	المستوى كان 3
الجزء-الثاني/الباب-الرابع/ف07-أ-من-علم-المعاني.md	4	البيان	الباب الرابع	4	المستوى كان 3
الجزء-الثاني/الباب-الرابع/ف07-ب-التطبيق-والتقويم.md	4	البيان	الباب الرابع	4	المستوى كان 3
الجزء-الثاني/الباب-الرابع/ف08-أ-من-علم-البيان.md	4	البيان	الباب الرابع	4	المستوى كان 3
الجزء-الثاني/الباب-الرابع/ف08-ب-التطبيق-والتقويم.md	4	البيان	الباب الرابع	4	المستوى كان 3
الجزء-الثاني/الباب-الرابع/ف09-أ-من-علم-البديع.md	4	البيان	الباب الرابع	4	المستوى كان 3
الجزء-الثاني/الباب-الرابع/ف09-ب-التطبيق-والتقويم.md	4	البيان	الباب الرابع	4	المستوى كان 3
الجزء-الثاني/الباب-الرابع/ف10-أ-الاقتباس-والتضمين.md	4	البيان	الباب الرابع	4	المستوى كان 3
الجزء-الثاني/الباب-الرابع/ف10-ب-الشعر-والأمثال.md	4	البيان	الباب الرابع	4	المستوى كان 3
الجزء-الثاني/الباب-الرابع/ف10-ج-الحوار-الممتد.md	4	البيان	الباب الرابع	4	المستوى كان 3
الجزء-الثاني/الباب-الرابع/ف10-د-التطبيق-والتقويم.md	4	البيان	الباب الرابع	4	المستوى كان 3
الجزء-الثاني/الباب-الخامس/00-فاتحة-الباب-الخامس.md	5	المقام	الباب الخامس	5	المستوى كان 4
الجزء-الثاني/الباب-الخامس/ف01-أ-المدخل-والدرس-الأول.md	5	المقام	الباب الخامس	5	المستوى كان 4
الجزء-الثاني/الباب-الخامس/ف01-ب-الدرس-الثاني.md	5	المقام	الباب الخامس	5	المستوى كان 4
الجزء-الثاني/الباب-الخامس/ف01-ج-التطبيق-والتقويم.md	5	المقام	الباب الخامس	5	المستوى كان 4
الجزء-الثاني/الباب-الخامس/ف02-أ-المدخل-والدرس-الأول.md	5	المقام	الباب الخامس	5	المستوى كان 4
الجزء-الثاني/الباب-الخامس/ف02-ب-الدرس-الثاني.md	5	المقام	الباب الخامس	5	المستوى كان 4
الجزء-الثاني/الباب-الخامس/ف02-ج-التطبيق-والتقويم.md	5	المقام	الباب الخامس	5	المستوى كان 4
الجزء-الثاني/الباب-الخامس/ف03-أ-المدخل-والدرس-الأول.md	5	المقام	الباب الخامس	5	المستوى كان 4
الجزء-الثاني/الباب-الخامس/ف03-ب-الدرس-الثاني.md	5	المقام	الباب الخامس	5	المستوى كان 4
الجزء-الثاني/الباب-الخامس/ف03-ج-التطبيق-والتقويم.md	5	المقام	الباب الخامس	5	المستوى كان 4
الجزء-الثاني/الباب-الخامس/ف04-أ-المدخل-والدرس-الأول.md	5	المقام	الباب الخامس	5	المستوى كان 4
الجزء-الثاني/الباب-الخامس/ف04-ب-الدرس-الثاني.md	5	المقام	الباب الخامس	5	المستوى كان 4
الجزء-الثاني/الباب-الخامس/ف04-ج-التطبيق-والتقويم.md	5	المقام	الباب الخامس	5	المستوى كان 4
الجزء-الثاني/الباب-الخامس/ف05-أ-المدخل-والدرس-الأول.md	5	المقام	الباب الخامس	5	المستوى كان 4
الجزء-الثاني/الباب-الخامس/ف05-ب-الدرس-الثاني.md	5	المقام	الباب الخامس	5	المستوى كان 4
الجزء-الثاني/الباب-الخامس/ف05-ج-التطبيق-والتقويم.md	5	المقام	الباب الخامس	5	المستوى كان 4
الجزء-الثاني/الباب-الخامس/ف06-مخاطبة-الأقران-والأدنى.md	5	المقام	الباب الخامس	5	المستوى كان 4
الجزء-الثاني/الباب-الخامس/ف07-مخاطبة-الجمهور-العام.md	5	المقام	الباب الخامس	5	المستوى كان 4
الجزء-الثاني/الباب-الخامس/ف08-أ-التهدئة-وحفظ-الكرامة.md	5	المقام	الباب الخامس	5	المستوى كان 4
الجزء-الثاني/الباب-الخامس/ف08-ب-التطبيق-والتقويم.md	5	المقام	الباب الخامس	5	المستوى كان 4
الجزء-الثاني/الباب-الخامس/ف09-أ-مختبر-المقام.md	5	المقام	الباب الخامس	5	المستوى كان 4
الجزء-الثاني/الباب-الخامس/ف09-ب-مختبر-المقام.md	5	المقام	الباب الخامس	5	المستوى كان 4
الجزء-الثاني/الباب-الخامس/ف09-ج-التوليف-والتدريبات.md	5	المقام	الباب الخامس	5	المستوى كان 4
الجزء-الثاني/الباب-السادس/00-فاتحة-الباب-السادس.md	6	الأدب	الباب السادس	6	المستوى كان 5
الجزء-الثاني/الباب-السادس/ف01-السلام-والبشاشة-والاستماع.md	6	الأدب	الباب السادس	6	المستوى كان 5
الجزء-الثاني/الباب-السادس/ف02-على-قدر-العقول.md	6	الأدب	الباب السادس	6	المستوى كان 5
الجزء-الثاني/الباب-السادس/ف03-المدح-والشكر-والدعاء.md	6	الأدب	الباب السادس	6	المستوى كان 5
الجزء-الثاني/الباب-السادس/ف04-أ-المدخل-والدرس-الأول.md	6	الأدب	الباب السادس	6	المستوى كان 5
الجزء-الثاني/الباب-السادس/ف04-ب-الدرس-الثاني.md	6	الأدب	الباب السادس	6	المستوى كان 5
الجزء-الثاني/الباب-السادس/ف04-ج-التطبيق-والتقويم.md	6	الأدب	الباب السادس	6	المستوى كان 5
الجزء-الثاني/الباب-السادس/ف05-أ-المدخل-والدرس-الأول.md	6	الأدب	الباب السادس	6	المستوى كان 5
الجزء-الثاني/الباب-السادس/ف05-ب-الدرس-الثاني.md	6	الأدب	الباب السادس	6	المستوى كان 5
الجزء-الثاني/الباب-السادس/ف05-ج-التطبيق-والتقويم.md	6	الأدب	الباب السادس	6	المستوى كان 5
الجزء-الثاني/الباب-السادس/ف06-أ-المدخل-والدرس-الأول.md	6	الأدب	الباب السادس	6	المستوى كان 5
الجزء-الثاني/الباب-السادس/ف06-ب-الدرس-الثاني.md	6	الأدب	الباب السادس	6	المستوى كان 5
الجزء-الثاني/الباب-السادس/ف06-ج-التطبيق-والتقويم.md	6	الأدب	الباب السادس	6	المستوى كان 5
الجزء-الثاني/الباب-السادس/ف07-أ-المدخل-والدرس-الأول.md	6	الأدب	الباب السادس	6	المستوى كان 5
الجزء-الثاني/الباب-السادس/ف07-ب-الدرس-الثاني.md	6	الأدب	الباب السادس	6	المستوى كان 5
الجزء-الثاني/الباب-السادس/ف07-ج-التطبيق-والتقويم.md	6	الأدب	الباب السادس	6	المستوى كان 5
الجزء-الثاني/الباب-السادس/ف08-أ-المدخل-والدرس-الأول.md	6	الأدب	الباب السادس	6	المستوى كان 5
الجزء-الثاني/الباب-السادس/ف08-ب-الدرس-الثاني.md	6	الأدب	الباب السادس	6	المستوى كان 5
الجزء-الثاني/الباب-السادس/ف08-ج-التطبيق-والتقويم.md	6	الأدب	الباب السادس	6	المستوى كان 5
الجزء-الثاني/الباب-السادس/ف09-أ-المدخل-والدرس-الأول.md	6	الأدب	الباب السادس	6	المستوى كان 5
الجزء-الثاني/الباب-السادس/ف09-ب-الدرس-الثاني.md	6	الأدب	الباب السادس	6	المستوى كان 5
الجزء-الثاني/الباب-السادس/ف09-ج-التطبيق-والتقويم.md	6	الأدب	الباب السادس	6	المستوى كان 5
الجزء-الثالث/الباب-السابع/00-فاتحة-الباب-السابع.md	7	الحوار	الباب السابع	7	المستوى كان 6
الجزء-الثالث/الباب-السابع/ف01-أ-السؤال-المدخل-والدرس-الأول.md	7	الحوار	الباب السابع	7	المستوى كان 6
الجزء-الثالث/الباب-السابع/ف01-ب-السؤال-الدرس-الثاني.md	7	الحوار	الباب السابع	7	المستوى كان 6
الجزء-الثالث/الباب-السابع/ف01-ج-السؤال-التطبيق-والتقويم.md	7	الحوار	الباب السابع	7	المستوى كان 6
الجزء-الثالث/الباب-السابع/ف02-أ-الجواب-المدخل-والدرس-الأول.md	7	الحوار	الباب السابع	7	المستوى كان 6
الجزء-الثالث/الباب-السابع/ف02-ب-الجواب-الدرس-الثاني.md	7	الحوار	الباب السابع	7	المستوى كان 6
الجزء-الثالث/الباب-السابع/ف02-ج-الجواب-التطبيق-والتقويم.md	7	الحوار	الباب السابع	7	المستوى كان 6
الجزء-الثالث/الباب-السابع/ف03-أ-الاستيضاح-وإعادة-الصياغة.md	7	الحوار	الباب السابع	7	المستوى كان 6
الجزء-الثالث/الباب-السابع/ف03-ب-الاستيضاح-التطبيق-والتقويم.md	7	الحوار	الباب السابع	7	المستوى كان 6
الجزء-الثالث/الباب-السابع/ف04-أ-المداخلة-والمناقشة.md	7	الحوار	الباب السابع	7	المستوى كان 6
الجزء-الثالث/الباب-السابع/ف04-ب-المداخلة-التطبيق-والتقويم.md	7	الحوار	الباب السابع	7	المستوى كان 6
الجزء-الثالث/الباب-السابع/ف05-أ-الإقناع-المدخل-والدرس-الأول.md	7	الحوار	الباب السابع	7	المستوى كان 6
الجزء-الثالث/الباب-السابع/ف05-ب-الإقناع-الدرس-الثاني.md	7	الحوار	الباب السابع	7	المستوى كان 6
الجزء-الثالث/الباب-السابع/ف05-ج-الإقناع-التطبيق-والتقويم.md	7	الحوار	الباب السابع	7	المستوى كان 6
الجزء-الثالث/الباب-السابع/ف06-أ-المناظرة-وأدبها.md	7	الحوار	الباب السابع	7	المستوى كان 6
الجزء-الثالث/الباب-السابع/ف06-ب-المناظرة-التطبيق-والتقويم.md	7	الحوار	الباب السابع	7	المستوى كان 6
الجزء-الثالث/الباب-السابع/ف07-أ-النقد-والنصيحة-المدخل-والدرس-الأول.md	7	الحوار	الباب السابع	7	المستوى كان 6
الجزء-الثالث/الباب-السابع/ف07-ب-النقد-والنصيحة-الدرس-الثاني.md	7	الحوار	الباب السابع	7	المستوى كان 6
الجزء-الثالث/الباب-السابع/ف07-ج-النقد-والنصيحة-التطبيق-والتقويم.md	7	الحوار	الباب السابع	7	المستوى كان 6
الجزء-الثالث/الباب-الثامن/00-فاتحة-الباب-الثامن.md	8	المجالس والمنبر	الباب الثامن	8	المستوى كان 7
الجزء-الثالث/الباب-الثامن/ف01-أ-المدخل-والدخول-والجلوس.md	8	المجالس والمنبر	الباب الثامن	8	المستوى كان 7
الجزء-الثالث/الباب-الثامن/ف01-ب-الكلام-في-المجلس.md	8	المجالس والمنبر	الباب الثامن	8	المستوى كان 7
الجزء-الثالث/الباب-الثامن/ف01-ج-حواران-ممتدان.md	8	المجالس والمنبر	الباب الثامن	8	المستوى كان 7
الجزء-الثالث/الباب-الثامن/ف01-د-التطبيق-الختامي-والتقويم.md	8	المجالس والمنبر	الباب الثامن	8	المستوى كان 7
الجزء-الثالث/الباب-الثامن/ف02-أ-إظهار-العلم-ومخاطبة-الكبير.md	8	المجالس والمنبر	الباب الثامن	8	المستوى كان 7
الجزء-الثالث/الباب-الثامن/ف02-ب-التصحيح-والمطالب-وحوار-ممتد.md	8	المجالس والمنبر	الباب الثامن	8	المستوى كان 7
الجزء-الثالث/الباب-الثامن/ف02-ج-التطبيق-الختامي-والتقويم.md	8	المجالس والمنبر	الباب الثامن	8	المستوى كان 7
الجزء-الثالث/الباب-الثامن/ف03-أ-المدخل-وحوار-اللقاء-الأول.md	8	المجالس والمنبر	الباب الثامن	8	المستوى كان 7
الجزء-الثالث/الباب-الثامن/ف03-ب-مقارنتان-وتطبيقات.md	8	المجالس والمنبر	الباب الثامن	8	المستوى كان 7
الجزء-الثالث/الباب-الثامن/ف03-ج-التطبيق-الختامي-والتقويم.md	8	المجالس والمنبر	الباب الثامن	8	المستوى كان 7
الجزء-الثالث/الباب-الثامن/ف04-أ-المدخل-ومجلس-القسم.md	8	المجالس والمنبر	الباب الثامن	8	المستوى كان 7
الجزء-الثالث/الباب-الثامن/ف04-ب-مناقشة-الرسائل.md	8	المجالس والمنبر	الباب الثامن	8	المستوى كان 7
الجزء-الثالث/الباب-الثامن/ف04-ج-التطبيق-والتقويم.md	8	المجالس والمنبر	الباب الثامن	8	المستوى كان 7
الجزء-الثالث/الباب-الثامن/ف05-أ-المدخل-والتهنئة-والتعزية.md	8	المجالس والمنبر	الباب الثامن	8	المستوى كان 7
الجزء-الثالث/الباب-الثامن/ف05-ب-عيادة-المريض-والزيارة.md	8	المجالس والمنبر	الباب الثامن	8	المستوى كان 7
الجزء-الثالث/الباب-الثامن/ف05-ج-التطبيق-والتقويم.md	8	المجالس والمنبر	الباب الثامن	8	المستوى كان 7
الجزء-الثالث/الباب-التاسع/00-فاتحة-الباب-التاسع.md	8	المجالس والمنبر	الباب التاسع	9	المستوى كان 8
الجزء-الثالث/الباب-التاسع/ف01-أ-المدخل-وبناء-الخطبة.md	8	المجالس والمنبر	الباب التاسع	9	المستوى كان 8
الجزء-الثالث/الباب-التاسع/ف01-ب-العبارة-والصوت-والنموذج.md	8	المجالس والمنبر	الباب التاسع	9	المستوى كان 8
الجزء-الثالث/الباب-التاسع/ف01-ج-التطبيق-والتقويم.md	8	المجالس والمنبر	الباب التاسع	9	المستوى كان 8
الجزء-الثالث/الباب-التاسع/ف02-أ-المدخل-وبناء-المحاضرة.md	8	المجالس والمنبر	الباب التاسع	9	المستوى كان 8
الجزء-الثالث/الباب-التاسع/ف02-ب-الدرس-الثاني.md	8	المجالس والمنبر	الباب التاسع	9	المستوى كان 8
الجزء-الثالث/الباب-التاسع/ف02-ج-التطبيق-والتقويم.md	8	المجالس والمنبر	الباب التاسع	9	المستوى كان 8
الجزء-الثالث/الباب-التاسع/ف03-أ-المدخل-والدرس-الأول.md	8	المجالس والمنبر	الباب التاسع	9	المستوى كان 8
الجزء-الثالث/الباب-التاسع/ف03-ب-الدرس-الثاني.md	8	المجالس والمنبر	الباب التاسع	9	المستوى كان 8
الجزء-الثالث/الباب-التاسع/ف03-ج-التطبيق-والتقويم.md	8	المجالس والمنبر	الباب التاسع	9	المستوى كان 8
الجزء-الثالث/الباب-التاسع/ف04-أ-المدخل-والدرس-الأول.md	8	المجالس والمنبر	الباب التاسع	9	المستوى كان 8
الجزء-الثالث/الباب-التاسع/ف04-ب-الدرس-الثاني.md	8	المجالس والمنبر	الباب التاسع	9	المستوى كان 8
الجزء-الثالث/الباب-التاسع/ف04-ج-التطبيق-والتقويم.md	8	المجالس والمنبر	الباب التاسع	9	المستوى كان 8
الجزء-الثالث/الباب-التاسع/ف05-أ-العطل-وضيق-الوقت.md	8	المجالس والمنبر	الباب التاسع	9	المستوى كان 8
الجزء-الثالث/الباب-التاسع/ف05-ب-الأسئلة-والتطبيق-الختامي.md	8	المجالس والمنبر	الباب التاسع	9	المستوى كان 8
الجزء-الثالث/الباب-العاشر/00-فاتحة-الباب-العاشر.md	9	المؤسسة	الباب العاشر	10	المستوى كان 9
الجزء-الثالث/الباب-العاشر/ف01-أ-بناء-الجواب.md	9	المؤسسة	الباب العاشر	10	المستوى كان 9
الجزء-الثالث/الباب-العاشر/ف01-ب-الأسئلة-والمحاكاة.md	9	المؤسسة	الباب العاشر	10	المستوى كان 9
الجزء-الثالث/الباب-العاشر/ف02-أ-الدرس-التجريبي.md	9	المؤسسة	الباب العاشر	10	المستوى كان 9
الجزء-الثالث/الباب-العاشر/ف02-ب-المقابلة-الأكاديمية.md	9	المؤسسة	الباب العاشر	10	المستوى كان 9
الجزء-الثالث/الباب-العاشر/ف02-ج-التطبيق-والتقويم.md	9	المؤسسة	الباب العاشر	10	المستوى كان 9
الجزء-الثالث/الباب-العاشر/ف03-أ-إدارة-الاجتماع.md	9	المؤسسة	الباب العاشر	10	المستوى كان 9
الجزء-الثالث/الباب-العاشر/ف03-ب-إدارة-الاجتماع.md	9	المؤسسة	الباب العاشر	10	المستوى كان 9
الجزء-الثالث/الباب-العاشر/ف03-ج-إدارة-الاجتماع.md	9	المؤسسة	الباب العاشر	10	المستوى كان 9
الجزء-الثالث/الباب-العاشر/ف04-أ-المدير-وموظفوه.md	9	المؤسسة	الباب العاشر	10	المستوى كان 9
الجزء-الثالث/الباب-العاشر/ف04-ب-الموظف-المخطئ.md	9	المؤسسة	الباب العاشر	10	المستوى كان 9
الجزء-الثالث/الباب-العاشر/ف04-ج-التطبيق-والتقويم.md	9	المؤسسة	الباب العاشر	10	المستوى كان 9
الجزء-الثالث/الباب-العاشر/ف05-أ-الاعتذار-والاعتراض.md	9	المؤسسة	الباب العاشر	10	المستوى كان 9
الجزء-الثالث/الباب-العاشر/ف05-ب-الرفض-والتطبيق-الختامي.md	9	المؤسسة	الباب العاشر	10	المستوى كان 9
الجزء-الرابع/الباب-الحادي-عشر/00-فاتحة-الباب-الحادي-عشر.md	10	التمكين	الباب الحادي عشر	11	المستوى كان 10
الجزء-الرابع/الباب-الحادي-عشر/ف01-أ-المدخل-والدرس-الأول.md	10	التمكين	الباب الحادي عشر	11	المستوى كان 10
الجزء-الرابع/الباب-الحادي-عشر/ف01-ب-الدرس-الثاني.md	10	التمكين	الباب الحادي عشر	11	المستوى كان 10
الجزء-الرابع/الباب-الحادي-عشر/ف01-ج-التطبيق-والتقويم.md	10	التمكين	الباب الحادي عشر	11	المستوى كان 10
الجزء-الرابع/الباب-الحادي-عشر/ف02-أ-المدخل-والدرس-الأول.md	10	التمكين	الباب الحادي عشر	11	المستوى كان 10
الجزء-الرابع/الباب-الحادي-عشر/ف02-ب-الدرس-الثاني.md	10	التمكين	الباب الحادي عشر	11	المستوى كان 10
الجزء-الرابع/الباب-الحادي-عشر/ف02-ج-التطبيق-والتقويم.md	10	التمكين	الباب الحادي عشر	11	المستوى كان 10
الجزء-الرابع/الباب-الحادي-عشر/ف03-أ-المدخل-والدرس-الأول.md	10	التمكين	الباب الحادي عشر	11	المستوى كان 10
الجزء-الرابع/الباب-الحادي-عشر/ف03-ب-الدرس-الثاني.md	10	التمكين	الباب الحادي عشر	11	المستوى كان 10
الجزء-الرابع/الباب-الحادي-عشر/ف03-ج-التطبيق-والتقويم.md	10	التمكين	الباب الحادي عشر	11	المستوى كان 10
الجزء-الرابع/الباب-الحادي-عشر/ف04-أ-المدخل-والدرس-الأول.md	10	التمكين	الباب الحادي عشر	11	المستوى كان 10
الجزء-الرابع/الباب-الحادي-عشر/ف04-ب-الدرس-الثاني.md	10	التمكين	الباب الحادي عشر	11	المستوى كان 10
الجزء-الرابع/الباب-الحادي-عشر/ف04-ج-التطبيق-والتقويم.md	10	التمكين	الباب الحادي عشر	11	المستوى كان 10
الجزء-الرابع/الباب-الثاني-عشر/00-فاتحة-الباب-الثاني-عشر.md	10	التمكين	الباب الثاني عشر	12	المستوى كان 11
الجزء-الرابع/الباب-الثاني-عشر/ف01-أ-المدخل-والألقاب.md	10	التمكين	الباب الثاني عشر	12	المستوى كان 11
الجزء-الرابع/الباب-الثاني-عشر/ف01-ب-الترحيب-والشكر.md	10	التمكين	الباب الثاني عشر	12	المستوى كان 11
الجزء-الرابع/الباب-الثاني-عشر/ف01-ج-الزيارة-الرسمية-والتقويم.md	10	التمكين	الباب الثاني عشر	12	المستوى كان 11
الجزء-الرابع/الباب-الثاني-عشر/ف02-أ-المدخل-والمجاملة.md	10	التمكين	الباب الثاني عشر	12	المستوى كان 11
الجزء-الرابع/الباب-الثاني-عشر/ف02-ب-التحفظ-والسؤال-الحساس.md	10	التمكين	الباب الثاني عشر	12	المستوى كان 11
الجزء-الرابع/الباب-الثاني-عشر/ف02-ج-حوار-العشاء-وحوار-الصحفيين.md	10	التمكين	الباب الثاني عشر	12	المستوى كان 11
الجزء-الرابع/الباب-الثاني-عشر/ف02-د-بنك-المواقف-والتقويم.md	10	التمكين	الباب الثاني عشر	12	المستوى كان 11
الجزء-الرابع/الباب-الثاني-عشر/ف03-أ-المدخل-وعرض-الموقف.md	10	التمكين	الباب الثاني عشر	12	المستوى كان 11
الجزء-الرابع/الباب-الثاني-عشر/ف03-ب-التنازل-والعرض-المقابل.md	10	التمكين	الباب الثاني عشر	12	المستوى كان 11
الجزء-الرابع/الباب-الثاني-عشر/ف03-ج-التفاوض-والتطبيق-والتقويم.md	10	التمكين	الباب الثاني عشر	12	المستوى كان 11
الجزء-الرابع/الباب-الرابع-عشر/00-فاتحة-الباب-الرابع-عشر.md	10	التمكين	الباب الثالث عشر	13	كان الباب الرابع عشر؛ يُعاد ترقيمه؛ المستوى كان 12
الجزء-الرابع/الباب-الرابع-عشر/ف01-أ-المدخل-وسلم-الارتجال.md	10	التمكين	الباب الثالث عشر	13	كان الباب الرابع عشر؛ يُعاد ترقيمه؛ المستوى كان 12
الجزء-الرابع/الباب-الرابع-عشر/ف01-ب-سلم-الارتجال-والحوار-الممتد.md	10	التمكين	الباب الثالث عشر	13	كان الباب الرابع عشر؛ يُعاد ترقيمه؛ المستوى كان 12
الجزء-الرابع/الباب-الرابع-عشر/ف01-ج-التطبيق-والتقويم.md	10	التمكين	الباب الثالث عشر	13	كان الباب الرابع عشر؛ يُعاد ترقيمه؛ المستوى كان 12
الجزء-الرابع/الباب-الرابع-عشر/ف02-أ-المدخل-والمحاكاة-الأولى.md	10	التمكين	الباب الثالث عشر	13	كان الباب الرابع عشر؛ يُعاد ترقيمه؛ المستوى كان 12
الجزء-الرابع/الباب-الرابع-عشر/ف02-ب-المحاكاة-الثانية.md	10	التمكين	الباب الثالث عشر	13	كان الباب الرابع عشر؛ يُعاد ترقيمه؛ المستوى كان 12
الجزء-الرابع/الباب-الرابع-عشر/ف02-ج-المفاجآت-والتطبيق-والتقويم.md	10	التمكين	الباب الثالث عشر	13	كان الباب الرابع عشر؛ يُعاد ترقيمه؛ المستوى كان 12
الجزء-الرابع/الباب-الرابع-عشر/ف03-أ-الملف-الصوتي-ومشروع-التخرج.md	10	التمكين	الباب الثالث عشر	13	كان الباب الرابع عشر؛ يُعاد ترقيمه؛ المستوى كان 12
الجزء-الرابع/الباب-الرابع-عشر/ف03-ب-يوم-الأداء-الختامي.md	10	التمكين	الباب الثالث عشر	13	كان الباب الرابع عشر؛ يُعاد ترقيمه؛ المستوى كان 12
الجزء-الرابع/الباب-الرابع-عشر/ف03-ج-التطبيق-والتقويم-والخاتمة.md	10	التمكين	الباب الثالث عشر	13	كان الباب الرابع عشر؛ يُعاد ترقيمه؛ المستوى كان 12
الخواتيم/00-خاتمة-الكتاب.md	10	التمكين	خاتمة الكتاب		تنتقل إلى ختام آخر مجلدٍ تدريبي
الجزء-الرابع/الباب-الثالث-عشر/00-فاتحة-الباب-الثالث-عشر.md	11	المرجع	المرجع الأول	—	كان الباب الثالث عشر؛ يخرج من تسلسل الأبواب ولا مستوى له
الجزء-الرابع/الباب-الثالث-عشر/ف01-أ-اللحن-في-القرآن.md	11	المرجع	المرجع الأول	—	كان الباب الثالث عشر؛ يخرج من تسلسل الأبواب ولا مستوى له
الجزء-الرابع/الباب-الثالث-عشر/ف01-ب-اللحن-في-الحديث-والأذكار.md	11	المرجع	المرجع الأول	—	كان الباب الثالث عشر؛ يخرج من تسلسل الأبواب ولا مستوى له
الجزء-الرابع/الباب-الثالث-عشر/ف02-الخطأ-في-السلام-والبسملة-والحمدلة.md	11	المرجع	المرجع الأول	—	كان الباب الثالث عشر؛ يخرج من تسلسل الأبواب ولا مستوى له
الجزء-الرابع/الباب-الثالث-عشر/ف03-أخطاء-النطق-الأصوات-الحرجة.md	11	المرجع	المرجع الأول	—	كان الباب الثالث عشر؛ يخرج من تسلسل الأبواب ولا مستوى له
الجزء-الرابع/الباب-الثالث-عشر/ف04-أ-الأخطاء-النحوية-والصرفية-والمعجمية-والتركيبية.md	11	المرجع	المرجع الأول	—	كان الباب الثالث عشر؛ يخرج من تسلسل الأبواب ولا مستوى له
الجزء-الرابع/الباب-الثالث-عشر/ف04-ب-الأخطاء-الصرفية-والمعجمية-والتركيبية.md	11	المرجع	المرجع الأول	—	كان الباب الثالث عشر؛ يخرج من تسلسل الأبواب ولا مستوى له
الجزء-الرابع/الباب-الثالث-عشر/ف05-الأسلوب-والثقافة-والمقام.md	11	المرجع	المرجع الأول	—	كان الباب الثالث عشر؛ يخرج من تسلسل الأبواب ولا مستوى له
الجزء-الرابع/الباب-الثالث-عشر/ف06-الصوت-والسرعة-وترتيب-الأفكار.md	11	المرجع	المرجع الأول	—	كان الباب الثالث عشر؛ يخرج من تسلسل الأبواب ولا مستوى له
الجزء-الرابع/الباب-الثالث-عشر/ف07-المقابلات-والخطابة-والإعلام-والعلماء.md	11	المرجع	المرجع الأول	—	كان الباب الثالث عشر؛ يخرج من تسلسل الأبواب ولا مستوى له
الجزء-الرابع/الباب-الثالث-عشر/ف08-الخروج-عن-الموضوع-والتكلف.md	11	المرجع	المرجع الأول	—	كان الباب الثالث عشر؛ يخرج من تسلسل الأبواب ولا مستوى له
الملاحق/ملحق-أ-المعجم-التطبيقي-٢.md	11	المرجع	ملحق أ: المعجم التطبيقي (البنوك التعبيرية)		
الملاحق/ملحق-أ-المعجم-التطبيقي-٣.md	11	المرجع	ملحق أ: المعجم التطبيقي (البنوك التعبيرية)		
الملاحق/ملحق-أ-المعجم-التطبيقي-٤.md	11	المرجع	ملحق أ: المعجم التطبيقي (البنوك التعبيرية)		
الملاحق/ملحق-أ-المعجم-التطبيقي.md	11	المرجع	ملحق أ: المعجم التطبيقي (البنوك التعبيرية)		
الملاحق/ملحق-ب-معجم-الترجمة-الحرفية-٢.md	11	المرجع	ملحق ب: معجم أخطاء الترجمة الحرفية		
الملاحق/ملحق-ب-معجم-الترجمة-الحرفية.md	11	المرجع	ملحق ب: معجم أخطاء الترجمة الحرفية		
الملاحق/ملحق-ج-أخطاء-قد-تظهر-عند-بعض-المتعلمين.md	11	المرجع	ملحق ج: أخطاء قد تظهر عند بعض المتعلّمين		
الملاحق/ملحق-هـ-النماذج-الكاملة-٢.md	11	المرجع	ملحق هـ: النماذج الكاملة		
الملاحق/ملحق-هـ-النماذج-الكاملة.md	11	المرجع	ملحق هـ: النماذج الكاملة		
الخواتيم/المسرد.md	11	المرجع	مسرد المصطلحات		
الخواتيم/المصادر-والمراجع.md	11	المرجع	المصادر والمراجع		
الملاحق/ملحق-د-نصوص-الحلقات-٢.md	—	سكريبتات الحلقات (كتابٌ مرافق)	ملحق د: نصوص الحلقات		يخرج من السلسلة المطبوعة
الملاحق/ملحق-د-نصوص-الحلقات.md	—	سكريبتات الحلقات (كتابٌ مرافق)	ملحق د: نصوص الحلقات		يخرج من السلسلة المطبوعة
الملاحق/ملحق-ز-أدوات-التقويم-٢.md	—	بنك الاختبارات ودليل المعلم (كتابان مرافقان)	ملحق ز: أدوات التقويم		يخرج من السلسلة المطبوعة
الملاحق/ملحق-ز-أدوات-التقويم.md	—	بنك الاختبارات ودليل المعلم (كتابان مرافقان)	ملحق ز: أدوات التقويم		يخرج من السلسلة المطبوعة
الخواتيم/تقرير-ضبط-الجودة.md	—	ملفات الإنتاج	تقرير المراجعة وضبط الجودة		يخرج من السلسلة المطبوعة
00-كلمة-المؤلف.md	؟				يحتاج قرار المؤلف: مقدّمات المجلد الأول (تبنيها opening.py)؛ وفيها «ثمانية مجلدات» تُصحَّح بالأحد عشر
00-الإهداء.md	؟				يحتاج قرار المؤلف: مخطوط الطبعة ذات الأجزاء الأربعة (book_build.py)؛ والإهداء المعتمد في frontmatter.py
00-الواجهة.md	؟				يحتاج قرار المؤلف: صفحة عنوان «الجزء الأول» من الطبعة ذات الأجزاء الأربعة؛ وصفحة العنوان الآن في frontmatter.py
01-المقدمة.md	؟				يحتاج قرار المؤلف: مقدّمة الطبعة ذات الأجزاء الأربعة؛ هل تغني عنها الافتتاحية؟
02-مدخل.md	؟				يحتاج قرار المؤلف: «مدخل: حين لا يظهر العلم على اللسان» من الطبعة ذات الأجزاء الأربعة؛ هل تغني عنه الافتتاحية؟
03-كيف-تستعمل-الكتاب.md	؟				يحتاج قرار المؤلف: يصف أربعة أجزاء ومستويات ٠–١٢؛ ويقابله في الافتتاحية الفصل ١٨ «كيف تقرأ المجلدات»
00-التكليف-الرسمي.md	؟				يحتاج قرار المؤلف: وثيقة تأليفٍ ملزمة لا نصٌّ للقارئ؛ مكانها المقترح ملفات الإنتاج
الجزء-الأول/00-فاتحة-الجزء-الأول.md	؟				يحتاج قرار المؤلف: فاتحة «الجزء الأول: التأسيس» ولا أجزاء في السلسلة؛ فاتحةٌ للمرحلة أم تُطوى؟
